award_id,agency,detailed_status,grantee_organization,grantee_state,grantee_city,grantee_org_type,usasp_award_id,usasp_recipient_name,uei,parent_uei,parent_name,business_categories,usasp_address,usasp_city,usasp_state,usasp_country,usasp_zip5,usasp_county,usasp_congressional,usasp_pop_end,ein,bmf_name,bmf_city,bmf_zip5,ntee,bmf_revenue,match_tier,match_name_score,match_geo_score,match_method
NH25PS005164,cdc,Reinstated (confirmed),COLORADO DEPARTMENT OF PUBLIC HEALTH & ENVIRONMENT,CO,DENVER,Health Department,ASST_NON_NH25PS005164_075,COLORADO DEPARTMENT OF PUBLIC HEALTH & ENVIRONMENT,Y3WEW9MQ6NH5,UVYMYSLJJUP4,THE STATE HISTORICAL SOCIETY OF COLORADO,Government|U.S. Regional/State Government,4300 CHERRY CREEK DR S,DENVER,CO,USA,80246,ARAPAHOE,01,2027-02-28,,,,,,,GOV,0,0,government-entity
NH25PS005210,cdc,Reinstated (confirmed),"ASIAN AND PACIFIC ISLANDER WELLNESS CENTER, INC.",CA,SAN FRANCISCO,Other Health Organization,ASST_NON_NH25PS005210_075,"ASIAN AND PACIFIC ISLANDER WELLNESS CENTER, INC.",GED7GB575K89,GED7GB575K89,"ASIAN AND PACIFIC ISLANDER WELLNESS CENTER, INC.",Nonprofit Organization,730 POLK ST,SAN FRANCISCO,CA,USA,94109,SAN FRANCISCO,11,2026-09-29,943096109,ASIAN AND PACIFIC ISLANDER WELLNESS CENTER INC,SAN FRANCISCO,94109,G81Z,22136062,YES,1.0,1.5,exact-name+geo
NH25PS005212,cdc,Reinstated (confirmed),ALTAMED HEALTH SERVICES CORPORATION,CA,COMMERCE,Other Health Organization,ASST_NON_NH25PS005212_075,ALTAMED HEALTH SERVICES CORPORATION,D3DTJBVZRVB8,N9XJGB4DUKA7,ALTAMED HEALTH SERVICES CORPORATION,Nonprofit Organization,2040 CAMFIELD AVE,LOS ANGELES,CA,USA,90040,LOS ANGELES,42,2026-09-29,952810095,ALTAMED HEALTH SERVICES CORP,COMMERCE,90040,E320,1720050956,YES,1.0,1.0,exact-name+geo
NH25PS005219,cdc,Reinstated (confirmed),CITY OF LONG BEACH,CA,LONG BEACH,Health Department,ASST_NON_NH25PS005219_075,CITY OF LONG BEACH,P43FW2K6F7Z9,J3FACB8K56B7,"LONG BEACH, CITY OF",Government|U.S. Local Government,2525 GRAND AVE,LONG BEACH,CA,USA,90815,LOS ANGELES,42,2028-09-29,,,,,,,GOV,0,0,government-entity
NH25PS005243,cdc,Reinstated (confirmed),CITY & COUNTY OF SAN FRANCISCO,CA,SAN FRANCISCO,Health Department,ASST_NON_NH25PS005243_075,CITY & COUNTY OF SAN FRANCISCO,DCTNHRGU1K75,LNADLQGAWKL6,CITY AND COUNTY OF SAN FRANCISCO,Government|U.S. Local Government,101 GROVE ST,SAN FRANCISCO,CA,USA,94102,SAN FRANCISCO,11,2029-07-31,,,,,,,GOV,0,0,government-entity
NH25PS005247,cdc,Reinstated (confirmed),CHICAGO DEPARTMENT OF PUBLIC HEALTH,IL,CHICAGO,Planning & Administrative Organizations,ASST_NON_NH25PS005247_075,CHICAGO DEPARTMENT OF PUBLIC HEALTH,K8F7VYLKGN64,,CITY OF CHICAGO,Government|U.S. Local Government,111 WEST WASHINGTON STREET,CHICAGO,IL,USA,60602,COOK,07,2029-07-31,,,,,,,GOV,0,0,government-entity
NH25PS005254,cdc,Reinstated (confirmed),COLORADO DEPARTMENT OF PUBLIC HEALTH & ENVIRONMENT,CO,DENVER,Health Department,ASST_NON_NH25PS005254_075,COLORADO DEPARTMENT OF PUBLIC HEALTH & ENVIRONMENT,Y3WEW9MQ6NH5,,,Government|U.S. Regional/State Government,4300 CHERRY CREEK DR S,DENVER,CO,USA,80246,ARAPAHOE,01,2029-09-29,,,,,,,GOV,0,0,government-entity
NH25PS005255,cdc,Reinstated (confirmed),CHICAGO DEPARTMENT OF PUBLIC HEALTH,IL,CHICAGO,Planning & Administrative Organizations,ASST_NON_NH25PS005255_075,CHICAGO DEPARTMENT OF PUBLIC HEALTH,K8F7VYLKGN64,,CITY OF CHICAGO,Government|U.S. Local Government,111 WEST WASHINGTON STREET,CHICAGO,IL,USA,60602,COOK,07,2029-09-29,,,,,,,GOV,0,0,government-entity
NH78TU000006,cdc,Reinstated (confirmed),"REGENTS OF THE UNIVERSITY OF CALIFORNIA, SAN FRANCISCO, THE",CA,SAN FRANCISCO,"Junior College, College & University",ASST_NON_NH78TU000006_075,"REGENTS OF THE UNIVERSITY OF CALIFORNIA, SAN FRANCISCO, THE",KMH5K9V7S518,KMH5K9V7S518,"REGENTS OF THE UNIVERSITY OF CALIFORNIA, SAN FRANCISCO, THE",Higher Education|Higher Education (Public),1855 FOLSOM ST STE 425,SAN FRANCISCO,CA,USA,94103,SAN FRANCISCO,11,2029-09-29,946036493,UNIVERSITY OF CALIFORNIA SAN FRANCISCO,SAN FRANCISCO,94143,B43,,YES,1.0,0.5,exact-name+geo-modulo-governance
NU17CE010045,cdc,Reinstated (confirmed),DEPARTMENT OF PUBLIC HEALTH ILLINOIS,IL,SPRINGFIELD,Health Department,ASST_NON_NU17CE010045_075,DEPARTMENT OF PUBLIC HEALTH ILLINOIS,NN66PR7QMLR8,GQ46SB5L2HK4,STATE OF ILLINOIS,Government|U.S. Regional/State Government,525 W JEFFERSON ST,SPRINGFIELD,IL,USA,62702,SANGAMON,13,2027-07-31,,,,,,,GOV,0,0,government-entity
NU17CE010056,cdc,Reinstated (confirmed),MINNESOTA DEPARTMENT OF HEALTH,MN,SAINT PAUL,Health Department,ASST_NON_NU17CE010056_075,MINNESOTA DEPARTMENT OF HEALTH,DHQVY2WCVHC5,,,Government|U.S. Regional/State Government,625 ROBERT ST N,SAINT PAUL,MN,USA,55155,RAMSEY,04,2027-07-31,,,,,,,GOV,0,0,government-entity
NU38PS004654,cdc,Reinstated (confirmed),THE LELAND STANFORD JUNIOR UNIVERSITY,CA,STANFORD,"Junior College, College & University",ASST_NON_NU38PS004654_075,THE LELAND STANFORD JUNIOR UNIVERSITY,HJD6G4D6TJY5,EHZJU5ZHP968,LELAND STANFORD JUNIOR UNIVERSITY,Higher Education|Higher Education (Private),450 JANE STANFORD WAY,STANFORD,CA,USA,94305,SANTA CLARA,16,2029-09-29,941156365,THE BOARD OF TRUSTEES OF THE LELAND STANFORD JUNIOR UNIVERSITY,STANFORD,94305,B430,10152608690,YES,1.0,1.5,exact-name+geo-modulo-governance
NU38PW000023,cdc,Reinstated (confirmed),AMERICAN MEDICAL ASSOCIATION,IL,CHICAGO,Other Health Organization,ASST_NON_NU38PW000023_075,AMERICAN MEDICAL ASSOCIATION,HA5PL9ZYD188,HA5PL9ZYD188,AMERICAN MEDICAL ASSOCIATION,Nonprofit Organization,330 N WABASH AVE,CHICAGO,IL,USA,60611,COOK,05,2029-07-31,360727175,AMERICAN MEDICAL ASSOCIATION,CHICAGO,60611,,546239123,YES,1.0,1.5,exact-name+geo
NU38PW000026,cdc,Reinstated (confirmed),HEALTH RESEARCH AND EDUCATIONAL TRUST,IL,CHICAGO,"Research Institution, Foundation and Laboratory",ASST_NON_NU38PW000026_075,HEALTH RESEARCH AND EDUCATIONAL TRUST,D3CDLMN37MH5,,,Nonprofit Organization,155 N WACKER DR STE 400,CHICAGO,IL,USA,60606,COOK,07,2029-07-31,362203931,HEALTH RESEARCH AND EDUCATIONAL TRUST,CHICAGO,60606,E22E,6636124,YES,1.0,1.5,exact-name+geo
NU38PW000027,cdc,Reinstated (confirmed),ASSOCIATION OF ASIAN/PACIFIC COMMUNITY HEALTH ORGANIZATIONS,CA,BERKELEY,Other Health Organization,ASST_NON_NU38PW000027_075,ASSOCIATION OF ASIAN/PACIFIC COMMUNITY HEALTH ORGANIZATIONS,U171XBTTMP68,U171XBTTMP68,ASSOCIATION OF ASIAN/PACIFIC COMMUNITY HEALTH ORGANIZATIONS,Nonprofit Organization,2140 SHATTUCK AVE STE 203,BERKELEY,CA,USA,94704,ALAMEDA,12,2029-07-31,943050247,ASSOCIATION OF ASIAN-PACIFIC COMMUNITY HEALTH ORGANIZATIONS,BERKELEY,94704,E70Z,7888956,YES,1.0,1.5,exact-name+geo
NU38PW000029,cdc,Reinstated (confirmed),NATIONAL ENVIRONMENTAL HEALTH ASSOCIATION,CO,Denver,Other Health Organization,ASST_NON_NU38PW000029_075,NATIONAL ENVIRONMENTAL HEALTH ASSOCIATION,LGCYAZZBFJF8,LGCYAZZBFJF8,NATIONAL ENVIRONMENTAL HEALTH ASSOCIATION,Nonprofit Organization,1400 S COLORADO BLVD STE 325,DENVER,CO,USA,80222,DENVER,01,2029-07-31,840469910,NATIONAL ENVIRONMENTAL HEALTH,DENVER,80222,,18354157,MAYBE,0.941,1.5,name-contains
NU38PW000035,cdc,Reinstated (confirmed),ASSOCIATION OF ASIAN/PACIFIC COMMUNITY HEALTH ORGANIZATIONS,CA,BERKELEY,Other Health Organization,ASST_NON_NU38PW000035_075,ASSOCIATION OF ASIAN/PACIFIC COMMUNITY HEALTH ORGANIZATIONS,U171XBTTMP68,U171XBTTMP68,ASSOCIATION OF ASIAN/PACIFIC COMMUNITY HEALTH ORGANIZATIONS,Nonprofit Organization,2140 SHATTUCK AVE STE 203,BERKELEY,CA,USA,94704,ALAMEDA,12,2029-07-31,943050247,ASSOCIATION OF ASIAN-PACIFIC COMMUNITY HEALTH ORGANIZATIONS,BERKELEY,94704,E70Z,7888956,YES,1.0,1.5,exact-name+geo
NU38PW000045,cdc,Reinstated (confirmed),"REGENTS OF THE UNIVERSITY OF CALIFORNIA, SAN FRANCISCO, THE",CA,SAN FRANCISCO,"Junior College, College & University",ASST_NON_NU38PW000045_075,"REGENTS OF THE UNIVERSITY OF CALIFORNIA, SAN FRANCISCO, THE",KMH5K9V7S518,KMH5K9V7S518,"REGENTS OF THE UNIVERSITY OF CALIFORNIA, SAN FRANCISCO, THE",Higher Education|Higher Education (Public),1855 FOLSOM ST STE 425,SAN FRANCISCO,CA,USA,94103,SAN FRANCISCO,11,2029-07-31,946036493,UNIVERSITY OF CALIFORNIA SAN FRANCISCO,SAN FRANCISCO,94143,B43,,YES,1.0,0.5,exact-name+geo-modulo-governance
NU38PW000048,cdc,Reinstated (confirmed),NATIONAL OPINION RESEARCH CENTER,IL,Chicago,"Research Institution, Foundation and Laboratory",ASST_NON_NU38PW000048_075,NATIONAL OPINION RESEARCH CENTER,MPYFY5UMSDP4,MPYFY5UMSDP4,NATIONAL OPINION RESEARCH CENTER,Nonprofit Organization,300 E RANDOLPH ST STE 4600,CHICAGO,IL,USA,60601,COOK,07,2029-07-31,362167808,NATIONAL OPINION RESEARCH CENTER,CHICAGO,60601,V200,397190163,YES,1.0,1.5,exact-name+geo
NU50CD300862,cdc,Reinstated (confirmed),"UNIVERSITY OF CALIFORNIA, LOS ANGELES",CA,LOS ANGELES,"Junior College, College & University",ASST_NON_NU50CD300862_075,"UNIVERSITY OF CALIFORNIA, LOS ANGELES",RN64EPNH8JC6,,,Higher Education|Higher Education (Public),10889 WILSHIRE BLVD STE 700,LOS ANGELES,CA,USA,90024,LOS ANGELES,36,2027-09-29,,UNIVERSITY OF SOUTHERN CALIFORNIA,LOS ANGELES,,,,NO,0.877,0.5,name+geo (closest rejected)
NU58DP007607,cdc,Reinstated (confirmed),CITY OF MINNEAPOLIS,MN,MINNEAPOLIS,Health Department,ASST_NON_NU58DP007607_075,CITY OF MINNEAPOLIS,ZEL3HB6H7B24,ZEL3HB6H7B24,CITY OF MINNEAPOLIS,Government|U.S. Local Government,350 S 5TH ST STE 325M,MINNEAPOLIS,MN,USA,55415,HENNEPIN,05,2028-09-29,,,,,,,GOV,0,0,government-entity
NU58DP007617,cdc,Reinstated (confirmed),"STAPLETON FOUNDATION FOR SUSTAINABLE URBAN COMMUNITIES, THE",CO,DENVER,Community Action Organization,ASST_NON_NU58DP007617_075,"STAPLETON FOUNDATION FOR SUSTAINABLE URBAN COMMUNITIES, THE",DSA6N1ZK4NL1,,,Nonprofit Organization,7350 E 29TH AVE UNIT 300,DENVER,CO,USA,80238,DENVER,01,2028-09-29,841497067,STAPLETON FOUNDATION FOR,DENVER,80238,S20,4044038,MAYBE,0.889,1.5,name-contains
NU58DP007634,cdc,Reinstated (confirmed),PUBLIC HEALTH ADVOCATES,CA,STOCKTON,Other Health Organization,ASST_NON_NU58DP007634_075,PUBLIC HEALTH ADVOCATES,X84HFPMNFVK8,,,Nonprofit Organization,6702 INGLEWOOD AVE,STOCKTON,CA,USA,95207,SAN JOAQUIN,09,2028-09-29,,,,,,,GOV,0,0,government-entity
NU58DP007641,cdc,Reinstated (unconfirmed),ASIAN MEDIA ACCESS INC,MN,MINNEAPOLIS,Community Action Organization,ASST_NON_NU58DP007641_075,ASIAN MEDIA ACCESS INC,ME1NC3VPLNH1,EE4VUX8T5S27,,Nonprofit Organization,2418 PLYMOUTH AVE N,MINNEAPOLIS,MN,USA,55411,HENNEPIN,05,2028-09-29,,,,,,,NO,0,0,no-match (vetoed: STUDENT in 'ASIAN-AMERICAN STUDENT UNION')
NU58DP007844,cdc,Reinstated (confirmed),DEPARTMENT OF PUBLIC HEALTH ILLINOIS,IL,SPRINGFIELD,Health Department,ASST_NON_NU58DP007844_075,DEPARTMENT OF PUBLIC HEALTH ILLINOIS,NN66PR7QMLR8,NS2PHY3GAWV5,"ILLINOIS, STATE OF",Government|U.S. Regional/State Government,525 W JEFFERSON ST,SPRINGFIELD,IL,USA,62702,SANGAMON,13,2029-07-31,,,,,,,GOV,0,0,government-entity
NU62PS924657,cdc,Reinstated (confirmed),PUERTO RICAN CULTURAL CENTER,IL,CHICAGO,"Supplier Organizations ( Service, Supplies, Material and Equipment )",ASST_NON_NU62PS924657_075,PUERTO RICAN CULTURAL CENTER,Q447DAJ4A4P3,,,Nonprofit Organization,2531 W DIVISION ST,CHICAGO,IL,USA,60622,COOK,03,2026-09-30,237347778,PUERTO RICAN CULTURAL CENTER,CHICAGO,60622,,14719775,YES,1.0,1.5,exact-name+geo
NU62PS924658,cdc,Reinstated (confirmed),SOUTH SIDE HELP CENTER INC,IL,CHICAGO,Other Health Organization,ASST_NON_NU62PS924658_075,SOUTH SIDE HELP CENTER INC,ZRN5HG83CW69,,,Nonprofit Organization,10420 S HALSTED ST,CHICAGO,IL,USA,60628,COOK,01,2026-09-30,843279298,SOUTH SIDE LEGAL CENTER,CHICAGO,60643,I80,0,MAYBE,0.946,0.5,name+geo
NU62PS924661,cdc,Reinstated (confirmed),REALISTIC EDUCATION IN ACTION COALITION TO FOSTER HEALTH,CA,LOS ANGELES,Other Social Services Organization,ASST_NON_NU62PS924661_075,REALISTIC EDUCATION IN ACTION COALITION TO FOSTER HEALTH,DEVYWCCNE8M3,,,Nonprofit Organization,1400 E OLYMPIC BLVD STE 240,LOS ANGELES,CA,USA,90021,LOS ANGELES,37,2026-09-29,954672865,REALISTIC EDUCATION IN ACTION COALITION TO FOSTER HEALTH,LOS ANGELES,90021,P30,10105620,YES,1.0,1.5,exact-name+geo
NU62PS924668,cdc,Reinstated (confirmed),AFRICAN-AMERICAN AIDS POLICY AND TRAINING INSTITUTE,CA,LOS ANGELES,Vocational & Training School,ASST_NON_NU62PS924668_075,AFRICAN-AMERICAN AIDS POLICY AND TRAINING INSTITUTE,JGKNUNXYNM64,JGKNUNXYNM64,AFRICAN-AMERICAN AIDS POLICY AND TRAINING INSTITUTE,Nonprofit Organization,4249 CRENSHAW BLVD,LOS ANGELES,CA,USA,90008,LOS ANGELES,37,2026-09-29,954742741,AFRICAN-AMERICAN AIDS POLICY AND TRAINING INSTITUTE,LOS ANGELES,90056,E702,2196059,YES,1.0,0.5,exact-name+geo
NU62PS924674,cdc,Reinstated (confirmed),SAN FRANCISCO AIDS FOUNDATION,CA,San Francisco,Other Health Organization,ASST_NON_NU62PS924674_075,SAN FRANCISCO AIDS FOUNDATION,L85GDP5FVVU5,L85GDP5FVVU5,SAN FRANCISCO AIDS FOUNDATION,Nonprofit Organization,940 HOWARD ST,SAN FRANCISCO,CA,USA,94103,SAN FRANCISCO,11,2026-09-30,942927405,SAN FRANCISCO AIDS FOUNDATION,SAN FRANCISCO,94103,,44331365,YES,1.0,1.5,exact-name+geo
NU62PS924680,cdc,Reinstated (confirmed),VIA CARE COMMUNITY HEALTH CENTER,CA,LOS ANGELES,Health Department,ASST_NON_NU62PS924680_075,VIA CARE COMMUNITY HEALTH CENTER,MEYBCY9A6WC9,,,,507 S ATLANTIC BLVD,LOS ANGELES,CA,USA,90022,LOS ANGELES,34,2026-09-30,800699156,VIA CARE COMMUNITY HEALTH CENTER,LOS ANGELES,90022,E21,52068696,YES,1.0,1.5,exact-name+geo
NU62PS924690,cdc,Reinstated (confirmed),ALTAMED HEALTH SERVICES CORPORATION,CA,COMMERCE,Other Health Organization,ASST_NON_NU62PS924690_075,ALTAMED HEALTH SERVICES CORPORATION,D3DTJBVZRVB8,N9XJGB4DUKA7,ALTAMED HEALTH SERVICES CORPORATION,Nonprofit Organization,2040 CAMFIELD AVE,LOS ANGELES,CA,USA,90040,LOS ANGELES,42,2026-09-30,952810095,ALTAMED HEALTH SERVICES CORP,COMMERCE,90040,E320,1720050956,YES,1.0,1.0,exact-name+geo
NU62PS924693,cdc,Reinstated (confirmed),APLA HEALTH & WELLNESS,CA,LOS ANGELES,Other Health Organization,ASST_NON_NU62PS924693_075,APLA HEALTH & WELLNESS,YH4XF77KPL48,YH4XF77KPL48,APLA HEALTH & WELLNESS,Nonprofit Organization,611 S KINGSLEY DR,LOS ANGELES,CA,USA,90005,LOS ANGELES,34,2026-09-30,841661910,APLA HEALTH & WELLNESS,LOS ANGELES,90005,E99,116451685,YES,1.0,1.5,exact-name+geo
NU62PS924704,cdc,Reinstated (confirmed),"COLORADO HEALTH NETWORK, INC.",CO,DENVER,Other Health Organization,ASST_NON_NU62PS924704_075,"COLORADO HEALTH NETWORK, INC.",F76GBCMM5JB5,,,Nonprofit Organization,6260 E COLFAX AVE,DENVER,CO,USA,80220,DENVER,01,2026-09-30,840961159,COLORADO HEALTH NETWORK INC,DENVER,80220,G81Z,36518022,YES,1.0,1.5,exact-name+geo
NU62PS924726,cdc,Reinstated (confirmed),BAY AREA COMMUNITY HEALTH,CA,FREMONT,Other Health Organization,ASST_NON_NU62PS924726_075,BAY AREA COMMUNITY HEALTH,EXE8AL1EMBV7,,,Nonprofit Organization,40910 FREMONT BLVD,FREMONT,CA,USA,94538,ALAMEDA,14,2026-09-30,237255435,BAY AREA COMMUNITY HEALTH,FREMONT,94538,,119204604,YES,1.0,1.5,exact-name+geo
NU62PS924729,cdc,Reinstated (confirmed),"BIENESTAR HUMAN SERVICES, INC",CA,LOS ANGELES,Other Social Services Organization,ASST_NON_NU62PS924729_075,"BIENESTAR HUMAN SERVICES, INC",GXGZPHD1CBF8,GXGZPHD1CBF8,"BIENESTAR HUMAN SERVICES, INC",Nonprofit Organization,5326 E BEVERLY BLVD,LOS ANGELES,CA,USA,90022,LOS ANGELES,34,2026-09-30,954505737,BIENESTAR HUMAN SERVICES INC,LOS ANGELES,90022,E99,13458867,YES,1.0,1.5,exact-name+geo
NU62PS924747,cdc,Reinstated (confirmed),"JWCH INSTITUTE, INC.",CA,COMMERCE,Vocational & Training School,ASST_NON_NU62PS924747_075,"JWCH INSTITUTE, INC.",C2YVQZAKHJL8,C2YVQZAKHJL8,"JWCH INSTITUTE, INC.",Nonprofit Organization,5650 JILLSON ST,LOS ANGELES,CA,USA,90040,LOS ANGELES,42,2026-09-30,952289916,JWCH INSTITUTE INC,COMMERCE,90040,E70Z,209015531,YES,1.0,1.0,exact-name+geo
NU62PS924751,cdc,Reinstated (confirmed),LOS ANGELES LGBT CENTER,CA,LOS ANGELES,Welfare Department,ASST_NON_NU62PS924751_075,LOS ANGELES LGBT CENTER,P81BR8HLB7C8,P81BR8HLB7C8,LOS ANGELES LGBT CENTER,Nonprofit Organization,1118 N MCCADDEN PL,LOS ANGELES,CA,USA,90038,LOS ANGELES,30,2026-09-30,953567895,LOS ANGELES LGBT CENTER,LOS ANGELES,90038,,189797154,YES,1.0,1.5,exact-name+geo
NU62PS924764,cdc,Reinstated (confirmed),COLORADO DEPARTMENT OF PUBLIC HEALTH & ENVIRONMENT,CO,DENVER,Health Department,ASST_NON_NU62PS924764_075,COLORADO DEPARTMENT OF PUBLIC HEALTH & ENVIRONMENT,Y3WEW9MQ6NH5,,,Government|U.S. Regional/State Government,4300 CHERRY CREEK DR S,DENVER,CO,USA,80246,ARAPAHOE,01,2026-12-31,,,,,,,GOV,0,0,government-entity
NU62PS924771,cdc,Reinstated (confirmed),COUNTY OF LOS ANGELES,CA,COMMERCE,Health Department,ASST_NON_NU62PS924771_075,COUNTY OF LOS ANGELES,DN3NGS58SMT9,,COUNTY OF LOS ANGELES,Government|U.S. Local Government,5555 FERGUSON DR STE 100-50,LOS ANGELES,CA,USA,90022,LOS ANGELES,42,2026-12-31,,,,,,,GOV,0,0,government-entity
NU62PS924778,cdc,Reinstated (confirmed),CITY & COUNTY OF SAN FRANCISCO,CA,SAN FRANCISCO,School Board & School District,ASST_NON_NU62PS924778_075,CITY & COUNTY OF SAN FRANCISCO,DCTNHRGU1K75,LNADLQGAWKL6,CITY AND COUNTY OF SAN FRANCISCO,Government|U.S. Local Government,101 GROVE ST,SAN FRANCISCO,CA,USA,94102,SAN FRANCISCO,11,2026-12-31,,,,,,,GOV,0,0,government-entity
NU62PS924789,cdc,Reinstated (unconfirmed),ALLIANCE CARE 360,IL,Chicago,Welfare Department,ASST_NON_NU62PS924789_075,ALLIANCE CARE 360,LMUWM3RJQL63,,,Nonprofit Organization,2929 S WABASH AVE STE 202,CHICAGO,IL,USA,60616,COOK,07,2026-09-30,,,,,,,NO,0,0,no-match (vetoed: FOUNDATION in 'ALLIANCE NCTN FOUNDATION')
NU62PS924862,cdc,Reinstated (confirmed),DEPARTMENT OF PUBLIC HEALTH ILLINOIS,IL,SPRINGFIELD,Health Department,ASST_NON_NU62PS924862_075,DEPARTMENT OF PUBLIC HEALTH ILLINOIS,NN66PR7QMLR8,GQ46SB5L2HK4,STATE OF ILLINOIS,Government|U.S. Regional/State Government,525 W JEFFERSON ST,SPRINGFIELD,IL,USA,62702,SANGAMON,13,2030-09-29,,,,,,,GOV,0,0,government-entity
NUE1EH001451,cdc,Reinstated (confirmed),COUNTY OF SANTA CLARA,CA,SAN JOSE,Health Department,ASST_NON_NUE1EH001451_075,COUNTY OF SANTA CLARA,T4CJWCFYDA24,,COUNTY OF SANTA CLARA,Government|U.S. Local Government,976 LENZEN AVE,SAN JOSE,CA,USA,95126,SANTA CLARA,18,2027-08-31,,,,,,,GOV,0,0,government-entity
NUE1EH001455,cdc,Reinstated (confirmed),CITY & COUNTY OF SAN FRANCISCO,CA,SAN FRANCISCO,Hospital,ASST_NON_NUE1EH001455_075,CITY & COUNTY OF SAN FRANCISCO,DCTNHRGU1K75,LNADLQGAWKL6,CITY AND COUNTY OF SAN FRANCISCO,Government|U.S. Local Government,101 GROVE ST,SAN FRANCISCO,CA,USA,94102,SAN FRANCISCO,11,2027-08-31,,,,,,,GOV,0,0,government-entity
NUE1EH001458,cdc,Reinstated (confirmed),"PUBLIC HEALTH, CALIFORNIA DEPARTMENT OF",CA,SACRAMENTO,Other Health Organization,ASST_NON_NUE1EH001458_075,"PUBLIC HEALTH, CALIFORNIA DEPARTMENT OF",KD2JSY6LNMW7,KD2JSY6LNMW7,"PUBLIC HEALTH, CALIFORNIA DEPARTMENT OF",Government|U.S. Regional/State Government,1615 CAPITOL AVE,SACRAMENTO,CA,USA,95814,SACRAMENTO,07,2027-08-31,,,,,,,GOV,0,0,government-entity
R01CE003582,cdc,Reinstated (confirmed),UNIVERSITY OF CHICAGO,IL,Chicago,"Junior College, College & University",ASST_NON_R01CE003582_075,THE UNIVERSITY OF CHICAGO,ZUE9HKT2CLC9,ZUE9HKT2CLC9,THE UNIVERSITY OF CHICAGO,Higher Education|Higher Education (Private),5801 S ELLIS AVE,CHICAGO,IL,USA,60637,COOK,01,2026-09-29,362177139,UNIVERSITY OF CHICAGO,CHICAGO,60637,B430,5617072703,YES,1.0,1.5,exact-name+geo
U01CE003753,cdc,Reinstated (confirmed),"REGENTS OF THE UNIVERSITY OF CALIFORNIA, THE",CA,Berkeley,"Junior College, College & University",ASST_NON_U01CE003753_075,"REGENTS OF THE UNIVERSITY OF CALIFORNIA, THE",GS3YEVSS12N6,,,,119 CALIFORNIA HALL,BERKELEY,CA,USA,94720,ALAMEDA,12,2029-09-29,941539563,REGENTS OF THE UNIVERSITY OF CALIFORNIA,SANTA CRUZ,95064,,,YES,1.0,0.0,exact-name
U01PS005248,cdc,Reinstated (confirmed),"REGENTS OF THE UNIVERSITY OF CALIFORNIA, SAN FRANCISCO, THE",CA,SAN FRANCISCO,"Junior College, College & University",ASST_NON_U01PS005248_075,"REGENTS OF THE UNIVERSITY OF CALIFORNIA, SAN FRANCISCO, THE",KMH5K9V7S518,KMH5K9V7S518,"REGENTS OF THE UNIVERSITY OF CALIFORNIA, SAN FRANCISCO, THE",Higher Education|Higher Education (Private),1855 FOLSOM ST STE 425,SAN FRANCISCO,CA,USA,94103,SAN FRANCISCO,11,2028-08-31,946036493,UNIVERSITY OF CALIFORNIA SAN FRANCISCO,SAN FRANCISCO,94143,B43,,YES,1.0,0.5,exact-name+geo-modulo-governance
U01PS005259,cdc,Reinstated (confirmed),"REGENTS OF THE UNIVERSITY OF CALIFORNIA, SAN FRANCISCO, THE",CA,SAN FRANCISCO,"Junior College, College & University",ASST_NON_U01PS005259_075,"REGENTS OF THE UNIVERSITY OF CALIFORNIA, SAN FRANCISCO, THE",KMH5K9V7S518,KMH5K9V7S518,"REGENTS OF THE UNIVERSITY OF CALIFORNIA, SAN FRANCISCO, THE",,1855 FOLSOM ST STE 425,SAN FRANCISCO,CA,USA,94103,SAN FRANCISCO,11,2027-09-29,946036493,UNIVERSITY OF CALIFORNIA SAN FRANCISCO,SAN FRANCISCO,94143,B43,,YES,1.0,0.5,exact-name+geo-modulo-governance
U01PS005270,cdc,Reinstated (confirmed),ANN & ROBERT H LURIE CHILDRENS HOSPITAL OF CHICAGO,IL,CHICAGO,Hospital,ASST_NON_U01PS005270_075,ANN & ROBERT H LURIE CHILDRENS HOSPITAL OF CHICAGO,XJ7MMPHBMGM7,XJ7MMPHBMGM7,ANN & ROBERT H LURIE CHILDRENS HOSPITAL OF CHICAGO,Nonprofit Organization,225 E CHICAGO AVE,CHICAGO,IL,USA,60611,COOK,05,2027-09-29,362170833,ANN & ROBERT H LURIE CHILDRENS HOSPITAL OF CHICAGO,CHICAGO,60611,E24Z,,YES,1.0,1.5,exact-name+geo
U01PS005290,cdc,Reinstated (confirmed),THE REGENTS OF THE UNIVERSITY OF COLORADO,CO,AURORA,"Junior College, College & University",ASST_NON_U01PS005290_075,THE REGENTS OF THE UNIVERSITY OF COLORADO,MW8JHK6ZYEX8,HM5CZ7K2HHN5,THE REGENTS OF THE UNIVERSITY OF COLORADO,Higher Education|Higher Education (Public),13001 E 17TH PL STE F428,AURORA,CO,USA,80045,ADAMS,06,2028-09-29,846000555,REGENTS OF THE UNIVERSITY OF COLORADO,DENVER,80203,B40,,YES,1.0,0.0,exact-name
NU2GGH002496,cdc,Reinstated (unconfirmed),The TRUSTEES OF COLUMBIA UNIVERSITY IN THE CITY OF NEW YORK,NY,NEW YORK,"Junior College, College & University",ASST_NON_NU2GGH002496_075,THE TRUSTEES OF COLUMBIA UNIVERSITY IN THE CITY OF NEW YORK,QHF5ZZ114M72,,,Higher Education|Higher Education (Private),630 W 168TH ST FL 4,NEW YORK,NY,USA,10032,NEW YORK,13,2026-03-31,,,,,,,GOV,0,0,government-entity
NE11OE000002,cdc,Reinstated (confirmed),COUNTY OF LOS ANGELES,CA,COMMERCE,Health Department,ASST_NON_NE11OE000002_075,COUNTY OF LOS ANGELES,DN3NGS58SMT9,,COUNTY OF LOS ANGELES,Government|U.S. Regional/State Government,5555 FERGUSON DR STE 100-50,LOS ANGELES,CA,USA,90022,LOS ANGELES,42,2027-11-30,,,,,,,GOV,0,0,government-entity
NE11OE000027,cdc,Reinstated (confirmed),CITY OF MINNEAPOLIS,MN,MINNEAPOLIS,Health Department,ASST_NON_NE11OE000027_075,CITY OF MINNEAPOLIS,ZEL3HB6H7B24,ZEL3HB6H7B24,CITY OF MINNEAPOLIS,Government|U.S. Regional/State Government,350 S 5TH ST STE 325M,MINNEAPOLIS,MN,USA,55415,HENNEPIN,05,2027-11-30,,,,,,,GOV,0,0,government-entity
NE11OE000034,cdc,Reinstated (confirmed),"DENVER, CITY & COUNTY OF",CO,DENVER,Environmental Organization,ASST_NON_NE11OE000034_075,"DENVER, CITY & COUNTY OF",JHZYLXQAKY33,,CITY & COUNTY OF DENVER,Government|U.S. Local Government,201 W COLFAX AVE FL 7,DENVER,CO,USA,80202,DENVER,01,2027-11-30,,,,,,,GOV,0,0,government-entity
NE11OE000036,cdc,Reinstated (confirmed),COUNTY OF ALAMEDA,CA,SAN LEANDRO,Other Health Organization,ASST_NON_NE11OE000036_075,ALAMEDA COUNTY HCSA,TFLFDLQZRF94,,COUNTY OF ALAMEDA,Government|U.S. Local Government,1100 SAN LEANDRO BLVD,SAN LEANDRO,CA,USA,94577,ALAMEDA,12,2027-11-30,,,,,,,GOV,0,0,government-entity
NE11OE000044,cdc,Reinstated (confirmed),CITY OF LONG BEACH,CA,LONG BEACH,Welfare Department,ASST_NON_NE11OE000044_075,CITY OF LONG BEACH,P43FW2K6F7Z9,J3FACB8K56B7,"LONG BEACH, CITY OF",Government|U.S. Local Government,2525 GRAND AVE,LONG BEACH,CA,USA,90815,LOS ANGELES,42,2027-11-30,,,,,,,GOV,0,0,government-entity
NE11OE000048,cdc,Reinstated (confirmed),MINNESOTA DEPARTMENT OF HEALTH,MN,SAINT PAUL,Health Department,ASST_NON_NE11OE000048_075,MINNESOTA DEPARTMENT OF HEALTH,DHQVY2WCVHC5,,,Government|U.S. Regional/State Government,625 ROBERT ST N,SAINT PAUL,MN,USA,55155,RAMSEY,04,2027-11-30,,,,,,,GOV,0,0,government-entity
NE11OE000071,cdc,Reinstated (confirmed),CITY & COUNTY OF SAN FRANCISCO,CA,SAN FRANCISCO,Health Department,ASST_NON_NE11OE000071_075,CITY & COUNTY OF SAN FRANCISCO,DCTNHRGU1K75,LNADLQGAWKL6,CITY AND COUNTY OF SAN FRANCISCO,Government|U.S. Local Government,101 GROVE ST,SAN FRANCISCO,CA,USA,94102,SAN FRANCISCO,11,2027-11-30,,,,,,,GOV,0,0,government-entity
NE11OE000074,cdc,Reinstated (confirmed),COUNTY OF SANTA CLARA,CA,SAN JOSE,Health Department,ASST_NON_NE11OE000074_075,COUNTY OF SANTA CLARA,T4CJWCFYDA24,,COUNTY OF SANTA CLARA,Government|U.S. Regional/State Government,976 LENZEN AVE,SAN JOSE,CA,USA,95126,SANTA CLARA,18,2027-11-30,,,,,,,GOV,0,0,government-entity
NE11OE000089,cdc,Reinstated (confirmed),COLORADO DEPARTMENT OF PUBLIC HEALTH & ENVIRONMENT,CO,DENVER,Health Department,ASST_NON_NE11OE000089_075,COLORADO DEPARTMENT OF PUBLIC HEALTH & ENVIRONMENT,Y3WEW9MQ6NH5,UVYMYSLJJUP4,THE STATE HISTORICAL SOCIETY OF COLORADO,Government|U.S. Regional/State Government,4300 CHERRY CREEK DR S,DENVER,CO,USA,80246,ARAPAHOE,01,2027-11-30,,,,,,,GOV,0,0,government-entity
NE11OE000090,cdc,Reinstated (confirmed),DEPARTMENT OF PUBLIC HEALTH ILLINOIS,IL,Springfield,Health Department,ASST_NON_NE11OE000090_075,DEPARTMENT OF PUBLIC HEALTH ILLINOIS,NN66PR7QMLR8,GQ46SB5L2HK4,STATE OF ILLINOIS,Government|U.S. Regional/State Government,525 W JEFFERSON ST,SPRINGFIELD,IL,USA,62702,SANGAMON,13,2027-11-30,,,,,,,GOV,0,0,government-entity
NE11OE000094,cdc,Reinstated (confirmed),CHICAGO DEPARTMENT OF PUBLIC HEALTH,IL,CHICAGO,Health Department,ASST_NON_NE11OE000094_075,CHICAGO DEPARTMENT OF PUBLIC HEALTH,K8F7VYLKGN64,,CITY OF CHICAGO,Government|U.S. Local Government,111 WEST WASHINGTON STREET,CHICAGO,IL,USA,60602,COOK,07,2027-11-30,,,,,,,GOV,0,0,government-entity
NE11OE000095,cdc,Reinstated (confirmed),"PUBLIC HEALTH, CALIFORNIA DEPARTMENT OF",CA,SACRAMENTO,Other Health Organization,ASST_NON_NE11OE000095_075,"PUBLIC HEALTH, CALIFORNIA DEPARTMENT OF",KD2JSY6LNMW7,KD2JSY6LNMW7,"PUBLIC HEALTH, CALIFORNIA DEPARTMENT OF",Government|U.S. Regional/State Government,1615 CAPITOL AVE,SACRAMENTO,CA,USA,95814,SACRAMENTO,07,2027-11-30,,,,,,,GOV,0,0,government-entity
NE11OE000001,cdc,Reinstated (confirmed),DEPARTMENT OF STATE HEALTH SERVICES,TX,AUSTIN,Health Department,ASST_NON_NE11OE000001_075,DEPARTMENT OF STATE HEALTH SERVICES,NFHJD7V9MGN3,,,Government|U.S. Regional/State Government,1100 W 49TH ST,AUSTIN,TX,USA,78756,TRAVIS,37,2027-11-30,,,,,,,GOV,0,0,government-entity
NE11OE000003,cdc,Reinstated (confirmed),"Health And Human Services, Maine Department Of",ME,AUGUSTA,Welfare Department,ASST_NON_NE11OE000003_075,"HEALTH AND HUMAN SERVICES, MAINE DEPARTMENT OF",GJEPWTMKF5A3,,,Government|U.S. Regional/State Government,11 STATE HOUSE STA,AUGUSTA,ME,USA,04333,KENNEBEC,02,2027-11-30,,,,,,,GOV,0,0,government-entity
NE11OE000004,cdc,Reinstated (unconfirmed),LOUISVILLE-JEFFERSON COUNTY METRO GOVERNMENT,KY,LOUISVILLE,Health Department,ASST_NON_NE11OE000004_075,LOUISVILLE-JEFFERSON COUNTY METRO GOVERNMENT,XTABXRBBAUB1,,LOUISVILLE-JEFFERSON COUNTY METRO GOVERNMENT,Government|U.S. Regional/State Government,611 W JEFFERSON ST STE A,LOUISVILLE,KY,USA,40202,JEFFERSON,03,2027-11-30,,,,,,,GOV,0,0,government-entity
NE11OE000005,cdc,Reinstated (confirmed),"HEALTH, LOUISIANA DEPARTMENT OF",LA,NEW ORLEANS,Health Department,ASST_NON_NE11OE000005_075,"HEALTH, LOUISIANA DEPARTMENT OF",L2GPNJZBM283,,,Government|U.S. Regional/State Government,"1450 POYDRAS ST, STE 1652",NEW ORLEANS,LA,USA,70112,ORLEANS,02,2027-11-30,,,,,,,GOV,0,0,government-entity
NE11OE000006,cdc,Reinstated (confirmed),ALABAMA DEPARTMENT OF HEALTH,AL,MONTGOMERY,Health Department,ASST_NON_NE11OE000006_075,ALABAMA DEPARTMENT OF HEALTH,WDVJK7FUB8A6,WDVJK7FUB8A6,ALABAMA DEPARTMENT OF HEALTH,Government|U.S. Regional/State Government,201 MONROE ST,MONTGOMERY,AL,USA,36104,MONTGOMERY,02,2027-11-30,,,,,,,GOV,0,0,government-entity
NE11OE000007,cdc,Reinstated (confirmed),HEALTH SERVICES KENTUCKY CABINET FOR,KY,FRANKFORT,Health Department,ASST_NON_NE11OE000007_075,HEALTH SERVICES KENTUCKY CABINET FOR,LECJQDCLHVE5,,,Government|U.S. Regional/State Government,275 E MAIN ST,FRANKFORT,KY,USA,40601,FRANKLIN,01,2027-11-30,,,,,,,GOV,0,0,government-entity
NE11OE000008,cdc,Reinstated (confirmed),"Health And Human Resources, West Virginia Department Of",WV,CHARLESTON,Health Department,ASST_NON_NE11OE000008_075,"HEALTH AND HUMAN RESOURCES, WEST VIRGINIA DEPARTMENT OF",YZ2HCE5SELE6,,STATE OF WEST VIRGINIA,Government|U.S. Regional/State Government,350 CAPITOL ST RM 702,CHARLESTON,WV,USA,25301,KANAWHA,01,2027-11-30,,,,,,,GOV,0,0,government-entity
NE11OE000009,cdc,Reinstated (confirmed),CITY OF EL PASO,TX,EL PASO,Health Department,ASST_NON_NE11OE000009_075,CITY OF EL PASO,KLZGKXNFVTL4,,CITY OF EL PASO,Government|U.S. Local Government,300 N CAMPBELL ST,EL PASO,TX,USA,79901,EL PASO,16,2027-11-30,,,,,,,GOV,0,0,government-entity
NE11OE000010,cdc,Reinstated (confirmed),FLORIDA DEPARTMENT OF HEALTH,FL,TALLAHASSEE,Health Department,ASST_NON_NE11OE000010_075,FLORIDA DEPARTMENT OF HEALTH,L924BA1SEN75,L924BA1SEN75,FLORIDA DEPARTMENT OF HEALTH,Government|U.S. Regional/State Government,4052 BALD CYPRESS WAY,TALLAHASSEE,FL,USA,32399,LEON,02,2027-11-30,,,,,,,GOV,0,0,government-entity
NE11OE000011,cdc,Reinstated (confirmed),FLORIDA DEPARTMENT OF HEALTH,FL,TALLAHASSEE,Health Department,ASST_NON_NE11OE000011_075,FLORIDA DEPARTMENT OF HEALTH,L924BA1SEN75,L924BA1SEN75,FLORIDA DEPARTMENT OF HEALTH,Government|U.S. Regional/State Government,4052 BALD CYPRESS WAY,TALLAHASSEE,FL,USA,32399,LEON,02,2027-11-30,,,,,,,GOV,0,0,government-entity
NE11OE000012,cdc,Reinstated (confirmed),DALLAS COUNTY TEXAS,TX,DALLAS,Health Department,ASST_NON_NE11OE000012_075,DALLAS COUNTY TEXAS,ER74JB3UL5E9,,COUNTY OF DALLAS,Government|U.S. Regional/State Government,500 ELM STREET,DALLAS,TX,USA,75202,DALLAS,30,2027-11-30,,,,,,,GOV,0,0,government-entity
NE11OE000013,cdc,Reinstated (confirmed),EXECUTIVE OFFICE OF THE GOVERNOR OF DELAWARE,DE,DOVER,Planning & Administrative Organizations,ASST_NON_NE11OE000013_075,EXECUTIVE OFFICE OF THE GOVERNOR OF DELAWARE,GKQPH6J32LN7,,,Government|U.S. Regional/State Government,417 FEDERAL ST STE 1,DOVER,DE,USA,19901,KENT,00,2027-11-30,,,,,,,GOV,0,0,government-entity
NE11OE000014,cdc,Reinstated (confirmed),DOUGLAS COUNTY NEBRASKA,NE,OMAHA,Health Department,ASST_NON_NE11OE000014_075,DOUGLAS COUNTY NEBRASKA,ULBKU4AG8EA5,,DOUGLAS COUNTY NEBRASKA,Government|U.S. Local Government,1111 S 41ST ST STE 205,OMAHA,NE,USA,68105,DOUGLAS,02,2027-11-30,,,,,,,GOV,0,0,government-entity
NE11OE000015,cdc,Reinstated (confirmed),NORTH CAROLINA DEPARTMENT OF HEALTH & HUMAN SERVICES,NC,RALEIGH,Welfare Department,ASST_NON_NE11OE000015_075,NORTH CAROLINA DEPARTMENT OF HEALTH & HUMAN SERVICES,DKT3LLBWFVL3,,,Government|U.S. Regional/State Government,1915 HEALTH SERVICES WAY,RALEIGH,NC,USA,27607,WAKE,02,2027-11-30,,,,,,,GOV,0,0,government-entity
NE11OE000016,cdc,Reinstated (confirmed),"HEALTH RESEARCH, INC.",NY,MENANDS,Health Department,ASST_NON_NE11OE000016_075,"HEALTH RESEARCH, INC.",G9H6SUM59YC4,,"HEALTH RESEARCH, INC.",Government|U.S. Regional/State Government,"150 BROADWAY, SUITE 280",ALBANY,NY,USA,12204,ALBANY,20,2027-11-30,,,,,,,GOV,0,0,government-entity
NE11OE000017,cdc,Reinstated (confirmed),KING COUNTY,WA,SEATTLE,Health Department,ASST_NON_NE11OE000017_075,KING COUNTY,TS2LXAN2W8A8,,,Government|U.S. Local Government,401 5TH AVE,SEATTLE,WA,USA,98104,KING,09,2027-11-30,,,,,,,GOV,0,0,government-entity
NE11OE000018,cdc,Reinstated (confirmed),CITY OF COLUMBUS,OH,COLUMBUS,Health Department,ASST_NON_NE11OE000018_075,CITY OF COLUMBUS,FAMWPY11Z6K8,F6DPTMBF63F6,CITY OF COLUMBUS,Government|U.S. Local Government,240 PARSONS AVE,COLUMBUS,OH,USA,43215,FRANKLIN,15,2027-11-30,,,,,,,GOV,0,0,government-entity
NE11OE000019,cdc,Reinstated (confirmed),DEPARTMENT OF PUBLIC HEALTH CONNECTICUT,CT,HARTFORD,Health Department,ASST_NON_NE11OE000019_075,DEPARTMENT OF PUBLIC HEALTH CONNECTICUT,RFZKKT5RU3F8,,,Government|U.S. Regional/State Government,410 CAPITOL AVE,HARTFORD,CT,USA,06106,CAPITOL,01,2027-11-30,,,,,,,GOV,0,0,government-entity
NE11OE000020,cdc,Reinstated (confirmed),"MARICOPA, COUNTY OF",AZ,PHOENIX,Hospital,ASST_NON_NE11OE000020_075,"MARICOPA, COUNTY OF",LM85MG1513K5,,COUNTY OF MARICOPA,Government|U.S. Regional/State Government,4041 N CENTRAL AVE STE 1400,PHOENIX,AZ,USA,85012,MARICOPA,03,2027-11-30,,,,,,,GOV,0,0,government-entity
NE11OE000021,cdc,Reinstated (confirmed),COUNTY OF RIVERSIDE,CA,RIVERSIDE,Health Department,ASST_NON_NE11OE000021_075,COUNTY OF RIVERSIDE,YXSZFGDUQUJ5,,COUNTY OF RIVERSIDE,Government|U.S. Regional/State Government,4065 COUNTY CIRCLE DR,RIVERSIDE,CA,USA,92503,RIVERSIDE,39,2027-11-30,,,,,,,GOV,0,0,government-entity
NE11OE000022,cdc,Reinstated (confirmed),THE HEALTH & HOSPITAL CORPORATION OF MARION COUNTY,IN,INDIANAPOLIS,Planning & Administrative Organizations,ASST_NON_NE11OE000022_075,THE HEALTH & HOSPITAL CORPORATION OF MARION COUNTY,K2E1CFMQNJ78,,,Government|U.S. Regional/State Government,3838 N RURAL ST,INDIANAPOLIS,IN,USA,46205,MARION,07,2027-11-30,,,,,,,GOV,0,0,government-entity
NE11OE000023,cdc,Reinstated (confirmed),"PUBLIC HEALTH, MASSACHUSETTS DEPARTMENT OF",MA,BOSTON,Health Department,ASST_NON_NE11OE000023_075,"PUBLIC HEALTH, MASSACHUSETTS DEPARTMENT OF",DLKMR1QVDX34,,,Government|U.S. Regional/State Government,250 WASHINGTON ST,BOSTON,MA,USA,02108,SUFFOLK,08,2027-11-30,,,,,,,GOV,0,0,government-entity
NE11OE000024,cdc,Reinstated (confirmed),MARYLAND DEPARTMENT OF HEALTH,MD,BALTIMORE,Health Department,ASST_NON_NE11OE000024_075,MARYLAND DEPARTMENT OF HEALTH,Q4YJNDPS53E6,,,Government|U.S. Regional/State Government,201 W PRESTON ST FL 3,BALTIMORE,MD,USA,21201,BALTIMORE (CITY),07,2027-11-30,,,,,,,GOV,0,0,government-entity
NE11OE000025,cdc,Reinstated (confirmed),MICHIGAN DEPARTMENT OF HEALTH AND HUMAN SERVICES,MI,LANSING,Health Department,ASST_NON_NE11OE000025_075,MICHIGAN DEPARTMENT OF HEALTH AND HUMAN SERVICES,C2AQVDYYUAS7,,,Government|U.S. Regional/State Government,235 S GRAND AVE,LANSING,MI,USA,48933,INGHAM,07,2027-11-30,,,,,,,GOV,0,0,government-entity
NE11OE000026,cdc,Reinstated (confirmed),COUNTY OF SAN DIEGO,CA,SAN DIEGO,Health Department,ASST_NON_NE11OE000026_075,COUNTY OF SAN DIEGO,KTWAJNF4SJE5,NGTRB2LHNY35,"SAN DIEGO, COUNTY OF",Government|U.S. Regional/State Government,5469 KEARNEY VILLA RD,SAN DIEGO,CA,USA,92123,SAN DIEGO,51,2027-11-30,,,,,,,GOV,0,0,government-entity
NE11OE000028,cdc,Reinstated (confirmed),MECKLENBURG COUNTY,NC,CHARLOTTE,Planning & Administrative Organizations,ASST_NON_NE11OE000028_075,MECKLENBURG COUNTY,EZ15XL6BMM68,,,Government|U.S. Regional/State Government,600 E 4TH ST,CHARLOTTE,NC,USA,28202,MECKLENBURG,12,2027-11-30,,,,,,,GOV,0,0,government-entity
NE11OE000029,cdc,Reinstated (confirmed),"NASHVILLE & DAVIDSON COUNTY, METROPOLITAN GOVERNMENT OF",TN,NASHVILLE,Planning & Administrative Organizations,ASST_NON_NE11OE000029_075,"NASHVILLE & DAVIDSON COUNTY, METROPOLITAN GOVERNMENT OF",LGZLHP6ZHM55,LGZLHP6ZHM55,"NASHVILLE & DAVIDSON COUNTY, METROPOLITAN GOVERNMENT OF",Government|U.S. Regional/State Government,1 PUBLIC SQ,NASHVILLE,TN,USA,37201,DAVIDSON,07,2027-11-30,,,,,,,GOV,0,0,government-entity
NE11OE000030,cdc,Reinstated (confirmed),"DISTRICT OF COLUMBIA, GOVERNMENT OF",DC,WASHINGTON,Health Department,ASST_NON_NE11OE000030_075,"DISTRICT OF COLUMBIA, GOVERNMENT OF",XUYTN6MMLKE3,,,Government|U.S. Regional/State Government,2201 SHANNON PL SE,WASHINGTON,DC,USA,20020,DISTRICT OF COLUMBIA,98,2027-11-30,,,,,,,GOV,0,0,government-entity
NE11OE000031,cdc,Reinstated (confirmed),CITY OF DETROIT,MI,Detroit,Other Social Services Organization,ASST_NON_NE11OE000031_075,CITY OF DETROIT,GS94M2VMNMJ3,GS94M2VMNMJ3,CITY OF DETROIT,Government|U.S. Local Government,2 WOODWARD AVE RM 1126,DETROIT,MI,USA,48226,WAYNE,13,2027-11-30,,,,,,,GOV,0,0,government-entity
NE11OE000032,cdc,Reinstated (confirmed),Puerto Rico Department of Health,PR,San Juan,Other Health Organization,ASST_NON_NE11OE000032_075,PUERTO RICO DEPARTMENT OF HEALTH,NMLEHM4JTN15,,,Government|U.S. Regional/State Government,PO BOX 70184,SAN JUAN,PR,USA,00936,SAN JUAN,98,2027-11-30,,,,,,,GOV,0,0,government-entity
NE11OE000033,cdc,Reinstated (confirmed),SOUTH DAKOTA DEPARTMENT OF HEALTH,SD,PIERRE,Health Department,ASST_NON_NE11OE000033_075,SOUTH DAKOTA DEPARTMENT OF HEALTH,J84PKUEWQ6Y5,UB23ZUH97ET3,STATE OF SOUTH DAKOTA-DIVISION OF OASI,Government|U.S. Regional/State Government,600 E CAPITOL AVE,PIERRE,SD,USA,57501,HUGHES,00,2027-11-30,,,,,,,GOV,0,0,government-entity
NE11OE000035,cdc,Reinstated (confirmed),STATE OF GEORGIA DEPARTMENT OF PUBLIC HEALTH,GA,ATLANTA,Health Department,ASST_NON_NE11OE000035_075,STATE OF GEORGIA DEPARTMENT OF PUBLIC HEALTH,GUT1BFELPFJ1,,,Government|U.S. Regional/State Government,"200 PIEDMONT AVENUE, SE WEST TOWER",ATLANTA,GA,USA,30334,FULTON,05,2027-11-30,,,,,,,GOV,0,0,government-entity
NE11OE000037,cdc,Reinstated (confirmed),FULTON COUNTY BOARD OF HEALTH,GA,ATLANTA,Other Health Organization,ASST_NON_NE11OE000037_075,FULTON COUNTY BOARD OF HEALTH,LCTKJNKK48B3,,,Government|U.S. Local Government,10 PARK PLACE SOUTH SE 4TH FL,ATLANTA,GA,USA,30303,FULTON,05,2027-11-30,,,,,,,GOV,0,0,government-entity
NE11OE000038,cdc,Reinstated (confirmed),EL PASO COUNTY PUBLIC HEALTH,CO,COLORADO SPRINGS,Health Department,ASST_NON_NE11OE000038_075,EL PASO COUNTY PUBLIC HEALTH,CH7RN7SH6E16,NKDKGGEMANZ7,EL PASO COUNTY,Government|U.S. Local Government,1675 GARDEN OF THE GODS RD STE 2044,COLORADO SPRINGS,CO,USA,80907,EL PASO,05,2027-11-30,,,,,,,GOV,0,0,government-entity
NE11OE000039,cdc,Reinstated (confirmed),FLORIDA DEPARTMENT OF HEALTH,FL,TALLAHASSEE,Health Department,ASST_NON_NE11OE000039_075,FLORIDA DEPARTMENT OF HEALTH,L924BA1SEN75,L924BA1SEN75,FLORIDA DEPARTMENT OF HEALTH,Government|U.S. Local Government,4052 BALD CYPRESS WAY,TALLAHASSEE,FL,USA,32399,LEON,02,2027-11-30,,,,,,,GOV,0,0,government-entity
NE11OE000040,cdc,Reinstated (confirmed),FSM DEPARATMENT OF HEALTH AND SOCIAL AFFAIRS,FM,Pohnpei,Health Department,ASST_NON_NE11OE000040_075,FSM DEPARATMENT OF HEALTH AND SOCIAL AFFAIRS,SPWNPA2VM2Z5,,,Nonprofit Organization,MOGITHIN BUILDING PALIKIR STATION,POHNPEI,FM,USA,96941,,99,2027-11-30,,,,,,,NA,0,0,no-bmf-file-for-state:FM
NE11OE000041,cdc,Reinstated (confirmed),SOUTH CAROLINA DEPARTMENT OF PUBLIC HEALTH,SC,Cayce,Health Department,ASST_NON_NE11OE000041_075,SOUTH CAROLINA DEPARTMENT OF PUBLIC HEALTH,JNZSNC4MUMS7,,,Government|U.S. Regional/State Government,400 OTARRE PKWY,CAYCE,SC,USA,29033,LEXINGTON,02,2027-11-30,,,,,,,GOV,0,0,government-entity
NE11OE000042,cdc,Reinstated (confirmed),STATE OF RHODE ISLAND DEPARTMENT OF HEALTH,RI,Providence,Health Department,ASST_NON_NE11OE000042_075,STATE OF RHODE ISLAND DEPARTMENT OF HEALTH,NERYUGQ8XNB1,NSA8T7PLC9K3,STATE OF RHODE ISLAND,Government|U.S. Regional/State Government,3 CAPITOL HL,PROVIDENCE,RI,USA,02908,PROVIDENCE,01,2027-11-30,,,,,,,GOV,0,0,government-entity
NE11OE000043,cdc,Reinstated (confirmed),TARRANT COUNTY,TX,FORT WORTH,Health Department,ASST_NON_NE11OE000043_075,TARRANT COUNTY,DBH1UNN8U5J3,,,Government|U.S. Local Government,100 E WEATHERFORD ST,FORT WORTH,TX,USA,76196,TARRANT,12,2027-11-30,,,,,,,GOV,0,0,government-entity
NE11OE000045,cdc,Reinstated (confirmed),"AUSTIN, CITY OF",TX,AUSTIN,Health Department,ASST_NON_NE11OE000045_075,"AUSTIN, CITY OF",S953CU7Y37W1,,CITY OF AUSTIN,Government|U.S. Local Government,7201 LEVANDER LOOP,AUSTIN,TX,USA,78702,TRAVIS,37,2027-11-30,,,,,,,GOV,0,0,government-entity
NE11OE000046,cdc,Reinstated (confirmed),STATE OF ALASKA DEPARTMENT OF HEALTH,AK,JUNEAU,Health Department,ASST_NON_NE11OE000046_075,STATE OF ALASKA DEPARTMENT OF HEALTH,LNQNF7PKBV13,,,Government|U.S. Regional/State Government,350 MAIN ST # 214,JUNEAU,AK,USA,99801,JUNEAU,00,2027-11-30,,,,,,,GOV,0,0,government-entity
NE11OE000047,cdc,Reinstated (confirmed),ARIZONA DEPARTMENT OF HEALTH SERVICES,AZ,PHOENIX,Health Department,ASST_NON_NE11OE000047_075,ARIZONA DEPARTMENT OF HEALTH SERVICES,QMWUG1AMYF65,,,Government|U.S. Regional/State Government,150 N 18TH AVE STE 530,PHOENIX,AZ,USA,85007,MARICOPA,03,2027-11-30,,,,,,,GOV,0,0,government-entity
NE11OE000049,cdc,Reinstated (confirmed),ARKANSAS DEPARTMENT OF HEALTH,AR,LITTLE ROCK,Health Department,ASST_NON_NE11OE000049_075,ARKANSAS DEPARTMENT OF HEALTH,SYB9UJV328L9,,,Government|U.S. Regional/State Government,4815 W MARKHAM ST,LITTLE ROCK,AR,USA,72205,PULASKI,02,2027-11-30,,,,,,,GOV,0,0,government-entity
NE11OE000050,cdc,Reinstated (confirmed),STATE OF WISCONSIN DEPARTMENT OF HEALTH SERVICES,WI,Madison,Health Department,ASST_NON_NE11OE000050_075,STATE OF WISCONSIN DEPARTMENT OF HEALTH SERVICES,CG2SZ7HCNV54,,,Government|U.S. Regional/State Government,201 E WASHINGTON AVE,MADISON,WI,USA,53703,DANE,02,2027-11-30,,,,,,,GOV,0,0,government-entity
NE11OE000051,cdc,Reinstated (confirmed),DEPARTMENT OF HEALTH WYOMING,WY,CHEYENNE,Health Department,ASST_NON_NE11OE000051_075,DEPARTMENT OF HEALTH WYOMING,JP1QRJYYJG73,,,Government|U.S. Regional/State Government,2300 CAPITOL AVE,CHEYENNE,WY,USA,82001,LARAMIE,00,2027-11-30,,,,,,,GOV,0,0,government-entity
NE11OE000052,cdc,Reinstated (confirmed),DEPARTMENT OF HEALTH,AS,PAGO PAGO,Health Department,ASST_NON_NE11OE000052_075,DEPARTMENT OF HEALTH,JWV8MLNBAGC9,JWV8MLNBAGC9,DEPARTMENT OF HEALTH,Government|U.S. Regional/State Government,ONE FAGAALU ROAD,PAGO PAGO,AS,USA,96799,WESTERN,98,2027-11-30,,,,,,,GOV,0,0,government-entity
NE11OE000053,cdc,Reinstated (confirmed),"HEALTH, WASHINGTON STATE DEPARTMENT OF",WA,TUMWATER,Health Department,ASST_NON_NE11OE000053_075,"HEALTH, WASHINGTON STATE DEPARTMENT OF",C16SP2HBR123,,,Government|U.S. Regional/State Government,101 ISRAEL RD SE,OLYMPIA,WA,USA,98501,THURSTON,10,2027-11-30,,,,,,,GOV,0,0,government-entity
NE11OE000054,cdc,Reinstated (confirmed),COMMONWEALTH HEALTHCARE CORPORATION,MP,SAIPAN,Health Department,ASST_NON_NE11OE000054_075,COMMONWEALTH HEALTHCARE CORPORATION,J9ANMNJ3QJM6,,,Government|U.S. Local Government,1178 HINEMLU' ST,SAIPAN,MP,USA,96950,SAIPAN,98,2027-11-30,,,,,,,GOV,0,0,government-entity
NE11OE000055,cdc,Reinstated (confirmed),"HEALTH, NEW JERSEY DEPARTMENT OF",NJ,TRENTON,Health Department,ASST_NON_NE11OE000055_075,"HEALTH, NEW JERSEY DEPARTMENT OF",MQKPEU6D1BT5,,,Government|U.S. Regional/State Government,55 N WILLOW ST,TRENTON,NJ,USA,08608,MERCER,12,2027-11-30,,,,,,,GOV,0,0,government-entity
NE11OE000056,cdc,Reinstated (confirmed),State of New Mexico,NM,Santa Fe,Health Department,ASST_NON_NE11OE000056_075,STATE OF NEW MEXICO,E7TEBXBL17P5,,,Government|U.S. Regional/State Government,1190 S SAINT FRANCIS DR # 3152,SANTA FE,NM,USA,87505,SANTA FE,03,2027-11-30,,,,,,,GOV,0,0,government-entity
NE11OE000057,cdc,Reinstated (confirmed),PUBLIC HEALTH SOLUTIONS,NY,New York,Other Health Organization,ASST_NON_NE11OE000057_075,PUBLIC HEALTH SOLUTIONS,GSAHEHG8MNL7,,PUBLIC HEALTH SOLUTIONS,Nonprofit Organization,40 WORTH ST FL 4,NEW YORK,NY,USA,10013,NEW YORK,10,2027-11-30,,,,,,,GOV,0,0,government-entity
NE11OE000058,cdc,Reinstated (confirmed),PACIFIC ISLAND HEALTH OFFICERS ASSOCIATION,HI,HONOLULU,Other Social Services Organization,ASST_NON_NE11OE000058_075,PACIFIC ISLAND HEALTH OFFICERS ASSOCIATION,GTXKMVND7YY1,L28EZGZY9ND3,PACIFIC ISLANDERS ASSOCIATION,Nonprofit Organization,733 BISHOP ST,HONOLULU,HI,USA,96813,HONOLULU,01,2027-11-30,200298040,PACIFIC ISLAND HEALTH OFFICERS ASSOCIATION,HONOLULU,96813,E70,9529272,YES,1.0,1.5,exact-name+geo
NE11OE000059,cdc,Reinstated (confirmed),OKLAHOMA STATE DEPARTMENT OF HEALTH,OK,OKLAHOMA CITY,Health Department,ASST_NON_NE11OE000059_075,OKLAHOMA STATE DEPARTMENT OF HEALTH,LFU8Z8MPLTG3,QARFCMD719K4,OKLAHOMA STATE DEPARTMENT OF HEALTH,Government|U.S. Regional/State Government,123 ROBERT S KERR AVE,OKLAHOMA CITY,OK,USA,73102,OKLAHOMA,05,2027-11-30,,,,,,,GOV,0,0,government-entity
NE11OE000060,cdc,Reinstated (confirmed),COUNTY OF SACRAMENTO,CA,SACRAMENTO,Health Department,ASST_NON_NE11OE000060_075,COUNTY OF SACRAMENTO,YZL9FJW2J5H6,,COUNTY OF SACRAMENTO,Government|U.S. Local Government,7001A EAST PKWY,SACRAMENTO,CA,USA,95823,SACRAMENTO,07,2027-11-30,,,,,,,GOV,0,0,government-entity
NE11OE000061,cdc,Reinstated (confirmed),HARRIS COUNTY,TX,HOUSTON,Health Department,ASST_NON_NE11OE000061_075,HARRIS COUNTY,JFMKAENLGN81,JFMKAENLGN81,HARRIS COUNTY,Government|U.S. Local Government,201 CAROLINE ST,HOUSTON,TX,USA,77002,HARRIS,18,2027-11-30,,,,,,,GOV,0,0,government-entity
NE11OE000062,cdc,Reinstated (confirmed),CITY OF HOUSTON,TX,HOUSTON,Health Department,ASST_NON_NE11OE000062_075,CITY OF HOUSTON,GULQZBMP2SR3,,CITY OF HOUSTON,Government|U.S. Local Government,8000 N STADIUM DR,HOUSTON,TX,USA,77054,HARRIS,09,2027-11-30,,,,,,,GOV,0,0,government-entity
NE11OE000063,cdc,Reinstated (confirmed),HAWAII DEPARTMENT OF HEALTH,HI,HONOLULU,Health Department,ASST_NON_NE11OE000063_075,HAWAII DEPARTMENT OF HEALTH,LFVFLBD6XZB5,,,Government|U.S. Regional/State Government,1250 PUNCHBOWL ST,HONOLULU,HI,USA,96813,HONOLULU,01,2027-11-30,,,,,,,GOV,0,0,government-entity
NE11OE000064,cdc,Reinstated (confirmed),NORTH DAKOTA DEPARTMENT OF HEALTH AND HUMAN SERVICES,ND,BISMARCK,Health Department,ASST_NON_NE11OE000064_075,NORTH DAKOTA DEPARTMENT OF HEALTH AND HUMAN SERVICES,U4BCQ8P144P6,,,Government|U.S. Regional/State Government,600 E BOULEVARD AVE DEPT 301,BISMARCK,ND,USA,58505,BURLEIGH,00,2027-11-30,,,,,,,GOV,0,0,government-entity
NE11OE000065,cdc,Reinstated (confirmed),OHIO DEPARTMENT OF HEALTH,OH,COLUMBUS,Health Department,ASST_NON_NE11OE000065_075,OHIO DEPARTMENT OF HEALTH,CLN8VY9APLQ5,,,Government|U.S. Regional/State Government,246 N HIGH ST,COLUMBUS,OH,USA,43215,FRANKLIN,15,2027-11-30,,,,,,,GOV,0,0,government-entity
NE11OE000066,cdc,Reinstated (confirmed),THE ASSOCIATION OF STATE AND TERRITORIAL HEALTH OFFICIALS,VA,ARLINGTON,Other Health Organization,ASST_NON_NE11OE000066_075,THE ASSOCIATION OF STATE AND TERRITORIAL HEALTH OFFICIALS,Q4PDHB7J12R8,Q4PDHB7J12R8,THE ASSOCIATION OF STATE AND TERRITORIAL HEALTH OFFICIALS,Nonprofit Organization,2461 S CLARK ST SUITE 200,ARLINGTON,VA,USA,22202,ARLINGTON,08,2027-11-30,351044487,ASSOCIATION OF STATE AND TERRITORIAL HEALTH OFFICIALS,ARLINGTON,22202,E010,74995897,YES,1.0,1.5,exact-name+geo
NE11OE000067,cdc,Reinstated (confirmed),NATIONAL NETWORK OF PUBLIC HEALTH INSTITUTES INC,LA,NEW ORLEANS,Other Health Organization,ASST_NON_NE11OE000067_075,NATIONAL NETWORK OF PUBLIC HEALTH INSTITUTES INC,UBGFUG7NJ6W1,,,Nonprofit Organization,1100 POYDRAS ST,NEW ORLEANS,LA,USA,70163,ORLEANS,02,2027-11-30,,,,,,,GOV,0,0,government-entity
NE11OE000068,cdc,Reinstated (confirmed),CITY OF SAN ANTONIO,TX,SAN ANTONIO,Other Health Organization,ASST_NON_NE11OE000068_075,CITY OF SAN ANTONIO,LC5QCFLLCDJ4,,CITY OF SAN ANTONIO,Government|U.S. Local Government,100 W HOUSTON ST FL 8,SAN ANTONIO,TX,USA,78205,BEXAR,35,2027-11-30,,,,,,,GOV,0,0,government-entity
NE11OE000069,cdc,Reinstated (confirmed),MISSISSIPPI STATE DEPARTMENT OF HEALTH,MS,JACKSON,Health Department,ASST_NON_NE11OE000069_075,MISSISSIPPI STATE DEPARTMENT OF HEALTH,GHELM9ULN8A1,,,Government|U.S. Regional/State Government,570 E WOODROW WILSON AVE,JACKSON,MS,USA,39216,HINDS,02,2027-11-30,,,,,,,GOV,0,0,government-entity
NE11OE000070,cdc,Reinstated (confirmed),SAN BERNARDINO PUBLIC HEALTH,CA,SAN BERNARDINO,Health Department,ASST_NON_NE11OE000070_075,SAN BERNARDINO PUBLIC HEALTH,PD18A8XKE7B6,PD18A8XKE7B6,SAN BERNARDINO PUBLIC HEALTH,Government|U.S. Regional/State Government,451 E VANDERBILT WAY STE 200,SAN BERNARDINO,CA,USA,92408,SAN BERNARDINO,33,2027-11-30,,,,,,,GOV,0,0,government-entity
NE11OE000072,cdc,Reinstated (confirmed),MISSOURI DEPARTMENT OF HEALTH & SENIOR SERVICES,MO,JEFFERSON CITY,Health Department,ASST_NON_NE11OE000072_075,MISSOURI DEPARTMENT OF HEALTH & SENIOR SERVICES,UETLXV8NG8F4,,,Government|U.S. Regional/State Government,920 WILDWOOD DR,JEFFERSON CITY,MO,USA,65109,COLE,03,2027-11-30,,,,,,,GOV,0,0,government-entity
NE11OE000073,cdc,Reinstated (confirmed),State of Montana Department of Health and Human Services,MT,Helena,Welfare Department,ASST_NON_NE11OE000073_075,STATE OF MONTANA DEPARTMENT OF HEALTH AND HUMAN SERVICES,TR3DAXR9MCN8,TR3DAXR9MCN8,STATE OF MONTANA DEPARTMENT OF HEALTH AND HUMAN SERVICES,Government|U.S. Regional/State Government,111 N SANDERS ST,HELENA,MT,USA,59601,LEWIS AND CLARK,02,2027-11-30,,,,,,,GOV,0,0,government-entity
NE11OE000075,cdc,Reinstated (confirmed),NEBRASKA DEPARTMENT OF HEALTH & HUMAN SERVICES,NE,LINCOLN,Welfare Department,ASST_NON_NE11OE000075_075,NEBRASKA DEPARTMENT OF HEALTH & HUMAN SERVICES,HKQDEXRXGKL1,,,Government|U.S. Regional/State Government,301 CENTENNIAL MALL S,LINCOLN,NE,USA,68508,LANCASTER,01,2027-11-30,,,,,,,GOV,0,0,government-entity
NE11OE000076,cdc,Reinstated (confirmed),NEVADA DEPARTMENT OF HEALTH AND HUMAN SERVICES,NV,CARSON CITY,Welfare Department,ASST_NON_NE11OE000076_075,NEVADA DEPARTMENT OF HEALTH AND HUMAN SERVICES,F99FYNEGXSH9,,,Government|U.S. Regional/State Government,4150 TECHNOLOGY WAY,CARSON CITY,NV,USA,89706,CARSON CITY (CITY),02,2027-11-30,,,,,,,GOV,0,0,government-entity
NE11OE000077,cdc,Reinstated (confirmed),NEW HAMPSHIRE DEPARTMENT OF HEALTH & HUMAN SERVICES,NH,CONCORD,Health Department,ASST_NON_NE11OE000077_075,NEW HAMPSHIRE DEPARTMENT OF HEALTH & HUMAN SERVICES,LA2HR1U97VC6,,,Government|U.S. Regional/State Government,129 PLEASANT ST,CONCORD,NH,USA,03301,MERRIMACK,02,2027-11-30,,,,,,,GOV,0,0,government-entity
NE11OE000078,cdc,Reinstated (confirmed),SHELBY COUNTY GOVERNMENT,TN,MEMPHIS,Planning & Administrative Organizations,ASST_NON_NE11OE000078_075,SHELBY COUNTY GOVERNMENT,F663H7K72GR4,,,Government|U.S. Local Government,160 N MAIN ST STE 800,MEMPHIS,TN,USA,38103,SHELBY,09,2027-11-30,,,,,,,GOV,0,0,government-entity
NE11OE000079,cdc,Reinstated (confirmed),Orange County Health Care Agency,CA,SANTA ANA,Welfare Department,ASST_NON_NE11OE000079_075,ORANGE COUNTY HEALTH CARE AGENCY,VE2ZZY1ZHN19,,,Government|U.S. Regional/State Government,405 W 5TH ST STE 700,SANTA ANA,CA,USA,92701,ORANGE,46,2027-11-30,,,,,,,GOV,0,0,government-entity
NE11OE000080,cdc,Reinstated (confirmed),OREGON HEALTH AUTHORITY,OR,SALEM,Health Department,ASST_NON_NE11OE000080_075,OREGON HEALTH AUTHORITY-PUBLIC HEALTH,HFJRBHKCBPR5,,,Government|U.S. Regional/State Government,500 SUMMER ST NE # E-82,SALEM,OR,USA,97301,MARION,06,2027-11-30,,,,,,,GOV,0,0,government-entity
NE11OE000081,cdc,Reinstated (confirmed),SOUTHERN NEVADA HEALTH DIST,NV,LAS VEGAS,Health Department,ASST_NON_NE11OE000081_075,SOUTHERN NEVADA HEALTH DIST,ND67WQ2LD8B1,,,Higher Education|Higher Education (Public),280 S DECATUR BLVD,LAS VEGAS,NV,USA,89107,CLARK,04,2027-11-30,,,,,,,GOV,0,0,government-entity
NE11OE000082,cdc,Reinstated (confirmed),TENNESSEE DEPARTMENT OF HEALTH,TN,NASHVILLE,Health Department,ASST_NON_NE11OE000082_075,TENNESSEE DEPARTMENT OF HEALTH,EA5JN3P55GR1,,,Government|U.S. Regional/State Government,710 JAMES ROBERTSON PKWY,NASHVILLE,TN,USA,37243,DAVIDSON,07,2027-11-30,,,,,,,GOV,0,0,government-entity
NE11OE000083,cdc,Reinstated (confirmed),COUNTY OF TULSA,OK,TULSA,Health Department,ASST_NON_NE11OE000083_075,COUNTY OF TULSA,NZLLEUA9G6K5,,COUNTY OF TULSA,Government|U.S. Local Government,5051 S 129TH EAST AVE,TULSA,OK,USA,74134,TULSA,01,2027-11-30,,,,,,,GOV,0,0,government-entity
NE11OE000084,cdc,Reinstated (confirmed),PUBLIC HEALTH ACCREDITATION BOARD,VA,ALEXANDRIA,Other Special Interest Organization,ASST_NON_NE11OE000084_075,PUBLIC HEALTH ACCREDITATION BOARD,NDLTBWK59KL1,,,Nonprofit Organization,1600 DUKE ST STE 450,ALEXANDRIA,VA,USA,22314,ALEXANDRIA (CITY),08,2027-11-30,,,,,,,GOV,0,0,government-entity
NE11OE000085,cdc,Reinstated (confirmed),Boston Public Health Commission,MA,BOSTON,Other Health Organization,ASST_NON_NE11OE000085_075,BOSTON PUBLIC HEALTH COMMISSION,EHHGWYELR4R3,,,Government|U.S. Local Government,1010 MASSACHUSETTS AVE FL 2,BOSTON,MA,USA,02118,SUFFOLK,07,2027-11-30,,,,,,,GOV,0,0,government-entity
NE11OE000086,cdc,Reinstated (confirmed),HUMAN SERVICES VERMONT AGENCY OF,VT,WATERBURY,Welfare Department,ASST_NON_NE11OE000086_075,HUMAN SERVICES VERMONT AGENCY OF,YLQARK22FMQ1,LALMDNWSYKT1,VERMONT DEPARTMENT OF PUBLIC SAFETY,Government|U.S. Regional/State Government,280 STATE DR,WATERBURY,VT,USA,05671,WASHINGTON,00,2027-11-30,,,,,,,GOV,0,0,government-entity
NE11OE000087,cdc,Reinstated (confirmed),VIRGIN ISLANDS DEPT OF HEALTH GROUP,VI,ST THOMAS,Health Department,ASST_NON_NE11OE000087_075,VIRGIN ISLANDS DEPARTMENT OF HEALTH,HC9KX4GNNPK6,,,,1303 HOSPITAL GROUND STE 10,ST THOMAS,VI,USA,00802,ST. THOMAS,98,2027-11-30,,,,,,,GOV,0,0,government-entity
NE11OE000088,cdc,Reinstated (confirmed),UTAH DEPARTMENT OF HEALTH AND HUMAN SERVICES,UT,SALT LAKE CITY,Health Department,ASST_NON_NE11OE000088_075,UTAH DEPARTMENT OF HEALTH AND HUMAN SERVICES,C172TQML5G99,,,Government|U.S. Regional/State Government,195 N 1950 W,SALT LAKE CITY,UT,USA,84116,SALT LAKE,02,2027-11-30,,,,,,,GOV,0,0,government-entity
NE11OE000091,cdc,Reinstated (confirmed),KCMO HEALTH DEPT,MO,KANSAS CITY,Health Department,ASST_NON_NE11OE000091_075,KCMO HEALTH DEPT,UW7DM68M5KF4,UW7DM68M5KF4,KCMO HEALTH DEPT,Government|U.S. Local Government,2400 TROOST AVE,KANSAS CITY,MO,USA,64108,JACKSON,05,2027-11-30,,,,,,,GOV,0,0,government-entity
NE11OE000092,cdc,Reinstated (confirmed),CITY OF MILWAUKEE,WI,MILWAUKEE,Health Department,ASST_NON_NE11OE000092_075,CITY OF MILWAUKEE,JYGKV746MNG2,,CITY OF MILWAUKEE,Government|U.S. Local Government,200 E WELLS ST,MILWAUKEE,WI,USA,53202,MILWAUKEE,04,2027-11-30,,,,,,,GOV,0,0,government-entity
NE11OE000093,cdc,Reinstated (confirmed),BALTIMORE CITY HEALTH DEPARTMENT,MD,Baltimore,Health Department,ASST_NON_NE11OE000093_075,BALTIMORE CITY HEALTH DEPARTMENT,KY4JNTJXJVL3,,CITY OF BALTIMORE,Government|U.S. Local Government,1500 HARLEM AVE,BALTIMORE,MD,USA,21217,BALTIMORE (CITY),07,2027-11-30,,,,,,,GOV,0,0,government-entity
NE11OE000096,cdc,Reinstated (confirmed),MULTNOMAH COUNTY,OR,PORTLAND,Health Department,ASST_NON_NE11OE000096_075,MULTNOMAH COUNTY,DZRHDJDP41A4,,,Government|U.S. Local Government,501 SE HAWTHORNE BLVD STE 531,PORTLAND,OR,USA,97214,MULTNOMAH,01,2027-11-30,,,,,,,GOV,0,0,government-entity
NE11OE000097,cdc,Reinstated (confirmed),PHILADELPHIA DEPART PUBLIC HEALTH,PA,PHILADELPHIA,Health Department,ASST_NON_NE11OE000097_075,PHILADELPHIA DEPART PUBLIC HEALTH,HJ7BDCL6RLM4,,,Government|U.S. Regional/State Government,1101 MARKET ST STE 1300,PHILADELPHIA,PA,USA,19107,PHILADELPHIA,02,2027-11-30,,,,,,,GOV,0,0,government-entity
NE11OE000098,cdc,Reinstated (confirmed),PIMA COUNTY,AZ,TUCSON,Health Department,ASST_NON_NE11OE000098_075,PIMA COUNTY,U8XUY58VDQS3,,PIMA COUNTY,Government|U.S. Regional/State Government,3950 S COUNTRY CLUB RD STE 100,TUCSON,AZ,USA,85714,PIMA,07,2027-11-30,,,,,,,GOV,0,0,government-entity
NE11OE000099,cdc,Reinstated (confirmed),PALAU MINISTRY OF HEALTH,PW,KOROR,Health Department,ASST_NON_NE11OE000099_075,PALAU MINISTRY OF HEALTH,XBK8DJ4UV3D3,,,Nonprofit Organization,1 HOSPITAL RD,KOROR,PW,USA,96940,,99,2027-11-30,,,,,,,GOV,0,0,government-entity
NE11OE000100,cdc,Reinstated (confirmed),WAKE COUNTY HUMAN SERVICES,NC,RALEIGH,Hospital,ASST_NON_NE11OE000100_075,WAKE COUNTY HUMAN SERVICES,GG5QAJEUHLT4,GG5QAJEUHLT4,WAKE COUNTY HUMAN SERVICES,Government|U.S. Regional/State Government,10 SUNNYBROOK RD,RALEIGH,NC,USA,27610,WAKE,02,2027-11-30,,,,,,,GOV,0,0,government-entity
NE11OE000101,cdc,Reinstated (confirmed),DEPARTMENT OF PUBLIC HEALTH AND SOCIAL SERVICES,GU,MANGILAO,Other Health Organization,ASST_NON_NE11OE000101_075,DEPARTMENT OF PUBLIC HEALTH AND SOCIAL SERVICES,QM41LQWVXCK8,,,Government|U.S. Regional/State Government,123 CHALAN KARETA,BARRIGADA,GU,USA,96913,GUAM,98,2027-11-30,,,,,,,GOV,0,0,government-entity
NE11OE000102,cdc,Reinstated (confirmed),IDAHO DEPARTMENT OF HEALTH & WELFARE,ID,BOISE,Health Department,ASST_NON_NE11OE000102_075,IDAHO DEPARTMENT OF HEALTH & WELFARE,WP92EVJB9HF9,,,Government|U.S. Regional/State Government,450 W STATE ST FL 10,BOISE,ID,USA,83702,ADA,02,2027-11-30,,,,,,,GOV,0,0,government-entity
NE11OE000103,cdc,Reinstated (confirmed),"HEALTH, VIRGINIA DEPARTMENT OF",VA,VIRGINIA BEACH,Health Department,ASST_NON_NE11OE000103_075,"HEALTH, VIRGINIA DEPARTMENT OF",EH88YKHAKL84,,,Government|U.S. Regional/State Government,4452 CORPORATION LN,VIRGINIA BEACH,VA,USA,23462,VIRGINIA BEACH (CITY),02,2027-11-30,,,,,,,GOV,0,0,government-entity
NE11OE000104,cdc,Reinstated (confirmed),PENNSYLVANIA DEPARTMENT OF HEALTH,PA,HARRISBURG,Health Department,ASST_NON_NE11OE000104_075,PENNSYLVANIA DEPARTMENT OF HEALTH,JYYWJ2QYHQP5,TN75GJE1S7G3,COMMONWEALTH OF PENNSYLVANIA,Government|U.S. Regional/State Government,625 FORSTER ST,HARRISBURG,PA,USA,17120,DAUPHIN,10,2027-11-30,,,,,,,GOV,0,0,government-entity
NE11OE000105,cdc,Reinstated (confirmed),COMMONWEALTH OF VIRGINIA STATE BOARD OF HEALTH,VA,RICHMOND,Health Department,ASST_NON_NE11OE000105_075,COMMONWEALTH OF VIRGINIA STATE BOARD OF HEALTH,ESLDKEF3Z6V1,,,Government|U.S. Regional/State Government,109 GOVERNOR ST,RICHMOND,VA,USA,23219,RICHMOND (CITY),04,2027-11-30,,,,,,,GOV,0,0,government-entity
NE11OE000106,cdc,Reinstated (confirmed),KANSAS DEPARTMENT OF HEALTH & ENVIRONMENT,KS,TOPEKA,Health Department,ASST_NON_NE11OE000106_075,KANSAS DEPARTMENT OF HEALTH & ENVIRONMENT,CGSTLVM57LM5,,,Government|U.S. Regional/State Government,1000 SW JACKSON ST STE 570,TOPEKA,KS,USA,66612,SHAWNEE,02,2027-11-30,,,,,,,GOV,0,0,government-entity
NE11OE000107,cdc,Reinstated (confirmed),OKLAHOMA CITY COUNTY HEALTH DEPARTMENT,OK,OKLAHOMA CITY,Health Department,ASST_NON_NE11OE000107_075,OKLAHOMA CITY COUNTY HEALTH DEPARTMENT,T81MLLAMG4K9,T81MLLAMG4K9,OKLAHOMA CITY COUNTY HEALTH DEPARTMENT,Government|U.S. Local Government,2600 NE 63D ST,OKLAHOMA CITY,OK,USA,73111,OKLAHOMA,05,2027-11-30,,,,,,,GOV,0,0,government-entity
NE11OE000108,cdc,Reinstated (unconfirmed),FLORIDA DEPARTMENT OF HEALTH,FL,TALLAHASSEE,Health Department,ASST_NON_NE11OE000108_075,FLORIDA DEPARTMENT OF HEALTH,L924BA1SEN75,L924BA1SEN75,FLORIDA DEPARTMENT OF HEALTH,Government|U.S. Regional/State Government,4052 BALD CYPRESS WAY,TALLAHASSEE,FL,USA,32399,LEON,02,2027-11-30,,,,,,,GOV,0,0,government-entity
NE11OE000109,cdc,Reinstated (confirmed),INDIANA DEPARTMENT OF HEALTH,IN,INDIANAPOLIS,Health Department,ASST_NON_NE11OE000109_075,INDIANA DEPARTMENT OF HEALTH,GXFMGZLP95D9,,,Government|U.S. Regional/State Government,2 N MERIDIAN ST,INDIANAPOLIS,IN,USA,46204,MARION,07,2027-11-30,,,,,,,GOV,0,0,government-entity
NE11OE000110,cdc,Reinstated (confirmed),IOWA DEPARTMENT OF PUBLIC HEALTH,IA,DES MOINES,Health Department,ASST_NON_NE11OE000110_075,IOWA DEPARTMENT OF PUBLIC HEALTH,S47QLSY37VS1,DGWJPMN2QD69,STATE OF IOWA,Government|U.S. Regional/State Government,321 E 12TH ST,DES MOINES,IA,USA,50319,POLK,03,2027-11-30,,,,,,,GOV,0,0,government-entity
NU2GGH002409,cdc,Reinstated (unconfirmed),The TRUSTEES OF COLUMBIA UNIVERSITY IN THE CITY OF NEW YORK,NY,NEW YORK,"Junior College, College & University",ASST_NON_NU2GGH002409_075,THE TRUSTEES OF COLUMBIA UNIVERSITY IN THE CITY OF NEW YORK,QHF5ZZ114M72,,,,630 W 168TH ST FL 4,NEW YORK,NY,USA,10032,NEW YORK,13,2026-03-31,,,,,,,GOV,0,0,government-entity
NU2GGH002491,cdc,Reinstated (unconfirmed),The TRUSTEES OF COLUMBIA UNIVERSITY IN THE CITY OF NEW YORK,NY,NEW YORK,"Junior College, College & University",ASST_NON_NU2GGH002491_075,THE TRUSTEES OF COLUMBIA UNIVERSITY IN THE CITY OF NEW YORK,QHF5ZZ114M72,,,Higher Education|Higher Education (Private),630 W 168TH ST FL 4,NEW YORK,NY,USA,10032,NEW YORK,13,2026-03-31,,,,,,,GOV,0,0,government-entity
NU58DP007540,cdc,Reinstated (unconfirmed),"AMERICAN CANCER SOCIETY, INC",GA,ATLANTA,Other Health Organization,ASST_NON_NU58DP007540_075,"AMERICAN CANCER SOCIETY, INC",EHTKDK18LYH7,,,Nonprofit Organization,270 PEACHTREE ST NW STE 1300,ATLANTA,GA,USA,30303,FULTON,05,2025-10-01,131788491,AMERICAN CANCER SOCIETY INC,ATLANTA,30303,G300,136826348,YES,1.0,1.5,exact-name+geo
NU62PS924665,cdc,Reinstated (unconfirmed),ADVOCATES FOR YOUTH,DC,WASHINGTON,Other Educational Organization,ASST_NON_NU62PS924665_075,ADVOCATES FOR YOUTH,G4FYDUVMNKK4,,,Nonprofit Organization,1325 G ST NW,WASHINGTON,DC,USA,20005,DISTRICT OF COLUMBIA,98,2025-01-01,521173590,ADVOCATES FOR YOUTH,WASHINGTON,20005,,8401820,YES,1.0,1.5,exact-name+geo
NU38PW000050,cdc,Reinstated (confirmed),AMERICAN ACADEMY OF PEDIATRICS,IL,ITASCA,Other Health Organization,ASST_NON_NU38PW000050_075,AMERICAN ACADEMY OF PEDIATRICS,DWN9T4FUL313,,AMERICAN ACADEMY OF PEDIATRICS,Nonprofit Organization,345 PARK BLVD,ITASCA,IL,USA,60143,DUPAGE,08,2029-07-31,362275597,AMERICAN ACADEMY OF PEDIATRICS INC,ITASCA,60143,G980,138498070,YES,1.0,1.5,exact-name+geo
NU01DD000032,cdc,Reinstated (confirmed),AMERICAN ACADEMY OF PEDIATRICS,IL,ITASCA,Other Health Organization,ASST_NON_NU01DD000032_075,AMERICAN ACADEMY OF PEDIATRICS,DWN9T4FUL313,,AMERICAN ACADEMY OF PEDIATRICS,Nonprofit Organization,345 PARK BLVD,ITASCA,IL,USA,60143,DUPAGE,08,2028-09-29,362275597,AMERICAN ACADEMY OF PEDIATRICS INC,ITASCA,60143,G980,138498070,YES,1.0,1.5,exact-name+geo
NU84DD000021,cdc,Reinstated (confirmed),AMERICAN ACADEMY OF PEDIATRICS,IL,ITASCA,Other Health Organization,ASST_NON_NU84DD000021_075,AMERICAN ACADEMY OF PEDIATRICS,DWN9T4FUL313,,AMERICAN ACADEMY OF PEDIATRICS,Nonprofit Organization,345 PARK BLVD,ITASCA,IL,USA,60143,DUPAGE,08,2026-09-29,362275597,AMERICAN ACADEMY OF PEDIATRICS INC,ITASCA,60143,G980,138498070,YES,1.0,1.5,exact-name+geo
NH28CE002416,cdc,Reinstated (unconfirmed),"HOGAR CREA, INC",PR,TRUJILLO ALTO,Rehabilitation Organization ( Other Than Criminal ),ASST_NON_NH28CE002416_075,"HOGAR CREA, INC",KJUMJJBGHL57,,,Nonprofit Organization,CARR 848 KM .07,TRUJILLO ALTO,PR,USA,00976,SAN JUAN,98,2027-09-29,660314618,HOGAR CREA INC,TRUJILLO ALTO,00977,P20,8056717,YES,1.0,0.5,exact-name+geo
NU2GGH002481,cdc,Terminated,ZIM - TTECH,N/A,HARARE,Other Health Organization,ASST_NON_NU2GGH002481_075,ZIM - TTECH,JXAMGS46QCK7,,,Nonprofit Organization,10,HARARE,,ZWE,,,,2025-12-02,,,,,,,FOREIGN,0,0,non-us-recipient:ZWE
NU2GGH002253,cdc,Terminated,FAMILY HEALTH INTERNATIONAL,NC,DURHAM,Other Health Organization,ASST_NON_NU2GGH002253_075,FAMILY HEALTH INTERNATIONAL,VRAASTY11EA3,,,Nonprofit Organization,359 BLACKWELL STREET,DURHAM,NC,USA,27701,DURHAM,04,2025-11-26,237413005,FAMILY HEALTH INTERNATIONAL,DURHAM,27701,Q300,,YES,1.0,1.5,exact-name+geo
NU2GGH002552,cdc,Terminated,The TRUSTEES OF COLUMBIA UNIVERSITY IN THE CITY OF NEW YORK,NY,NEW YORK,"Junior College, College & University",ASST_NON_NU2GGH002552_075,THE TRUSTEES OF COLUMBIA UNIVERSITY IN THE CITY OF NEW YORK,QHF5ZZ114M72,,,Higher Education|Higher Education (Private),630 W 168TH ST FL 4,NEW YORK,NY,USA,10032,NEW YORK,13,2025-11-26,,,,,,,GOV,0,0,government-entity
NU2GGH002268,cdc,Reinstated (unconfirmed),THE JOHNS HOPKINS UNIVERSITY,MD,BALTIMORE,"Junior College, College & University",ASST_NON_NU2GGH002268_075,THE JOHNS HOPKINS UNIVERSITY,FTMTDMBR29C7,GS4PNKTRNKL3,THE JOHNS HOPKINS HEALTH SYSTEM CORPORATION,Higher Education|Higher Education (Private),3400 N CHARLES ST,BALTIMORE,MD,USA,21218,BALTIMORE (CITY),07,2025-10-30,237424444,JOHNS HOPKINS UNIVERSITY,BALTIMORE,21211,,280524446,YES,1.0,0.5,exact-name+geo
NU2GGH002272,cdc,Reinstated (unconfirmed),REPUBLICAN CENTER FOR PSYCHIATRY AND NARCOLOGY,N/A,BISHKEK,Other Special Interest Organization,ASST_NON_NU2GGH002272_075,REPUBLICAN CENTER FOR PSYCHIATRY AND NARCOLOGY,F6C6LA6D5SY1,,,,1 BAYTIK BAATYR ST,BISHKEK,,KGZ,,,,2025-10-30,,,,,,,FOREIGN,0,0,non-us-recipient:KGZ
NU2GGH002274,cdc,Reinstated (unconfirmed),REPUBLICAN CLINICAL CENTRE OF NARCOLOGY,N/A,DUSHANBE,Health Department,ASST_NON_NU2GGH002274_075,REPUBLICAN CLINICAL CENTRE OF NARCOLOGY,PZSAPF914QH3,,,Government|U.S. Local Government,"40 LET POBEDY STREET, 3",DUSHANBE,,TJK,,,,2025-10-30,,,,,,,FOREIGN,0,0,non-us-recipient:TJK
NU2GGH002353,cdc,Reinstated (confirmed),AFRICAN COMPREHENSIVE HIV/AIDS PARTNERSHIPS,N/A,GABORONE,Other Health Organization,ASST_NON_NU2GGH002353_075,AFRICAN COMPREHENSIVE HIV/AIDS PARTNERSHIPS,SG46LCW9H995,,,,BLOCK 5 UNIT 1 PLOT 64511 FAIRGROUNDS,GABORONE,,BWA,,,,2025-10-30,,,,,,,FOREIGN,0,0,non-us-recipient:BWA
NU2GGH002370,cdc,Reinstated (confirmed),THE JOHNS HOPKINS UNIVERSITY,MD,BALTIMORE,"Junior College, College & University",ASST_NON_NU2GGH002370_075,THE JOHNS HOPKINS UNIVERSITY,FTMTDMBR29C7,GS4PNKTRNKL3,THE JOHNS HOPKINS HEALTH SYSTEM CORPORATION,Higher Education|Higher Education (Private),3400 N CHARLES ST,BALTIMORE,MD,USA,21218,BALTIMORE (CITY),07,2025-10-30,237424444,JOHNS HOPKINS UNIVERSITY,BALTIMORE,21211,,280524446,YES,1.0,0.5,exact-name+geo
NU2GGH002473,cdc,Reinstated (unconfirmed),ZIM - TTECH,N/A,HARARE,Other Health Organization,ASST_NON_NU2GGH002473_075,ZIM - TTECH,JXAMGS46QCK7,,,Nonprofit Organization,10,HARARE,,ZWE,,,,2025-10-30,,,,,,,FOREIGN,0,0,non-us-recipient:ZWE
NU2GGH002486,cdc,Reinstated (unconfirmed),RIGHT TO CARE,N/A,GAUTENG,Other Health Organization,ASST_NON_NU2GGH002486_075,RIGHT TO CARE,MH3KVHJN8KG9,MH3KVHJN8KG9,RIGHT TO CARE,Nonprofit Organization,5TH FLOOR ON THE LAKE,GAUTENG,,ZAF,,,,2025-10-30,,,,,,,FOREIGN,0,0,non-us-recipient:ZAF
NU2GGH002530,cdc,Reinstated (unconfirmed),SOUTH AFRICAN NATIONAL AIDS COUNCIL TRUST,N/A,PRETORIA,Other Health Organization,ASST_NON_NU2GGH002530_075,SOUTH AFRICAN NATIONAL AIDS COUNCIL TRUST,UAE2JFMK1W88,,,,"BLOCK E, 333 GROSVENOR STREET, HATFIELD",PRETORIA,,ZAF,,,,2025-10-30,,,,,,,FOREIGN,0,0,non-us-recipient:ZAF
NU2GGH002540,cdc,Reinstated (unconfirmed),WORLD HEALTH ORGANIZATION,N/A,Geneve,Other Health Organization,ASST_NON_NU2GGH002540_075,WORLD HEALTH ORGANIZATION,FDE2NT8BSX11,,,,AVENUE APPIA 20,GENEVE,,CHE,,,,2025-10-30,,,,,,,FOREIGN,0,0,non-us-recipient:CHE
NU62PS924788,cdc,Terminated,FLORIDA DEPARTMENT OF HEALTH,FL,TALLAHASSEE,Health Department,ASST_NON_NU62PS924788_075,FLORIDA DEPARTMENT OF HEALTH,L924BA1SEN75,L924BA1SEN75,FLORIDA DEPARTMENT OF HEALTH,Government|U.S. Regional/State Government,4052 BALD CYPRESS WAY,TALLAHASSEE,FL,USA,32399,LEON,02,2025-07-31,,,,,,,GOV,0,0,government-entity
NU84DD000015,cdc,Terminated,AMERICAN COLLEGE OF OBSTETRICIANS AND GYNECOLOGISTS,DC,WASHINGTON,Other Health Organization,ASST_NON_NU84DD000015_075,AMERICAN COLLEGE OF OBSTETRICIANS AND GYNECOLOGISTS,HQDMY6A6WA59,,,Higher Education|Higher Education (Public),409 12TH ST SW,WASHINGTON,DC,USA,20024,DISTRICT OF COLUMBIA,98,2025-10-01,900489809,AMERICAN COLLEGE OF OBSTETRICIANS AND GYNECOLOGISTS,WASHINGTON,20024,E03,63505977,YES,1.0,1.5,exact-name+geo
NH28CE002975,cdc,Terminated,"COUNTY OF, SKAMANIA",WA,STEVENSON,Planning & Administrative Organizations,ASST_NON_NH28CE002975_075,"COUNTY OF, SKAMANIA",QGNENMA6UFU7,,,Government|U.S. Local Government,240 NW VANCOUVER AVE,STEVENSON,WA,USA,98648,SKAMANIA,03,2024-09-29,,,,,,,GOV,0,0,government-entity
NU01DD000034,cdc,Terminated,AMERICAN COLLEGE OF OBSTETRICIANS AND GYNECOLOGISTS,DC,WASHINGTON,Other Health Organization,ASST_NON_NU01DD000034_075,AMERICAN COLLEGE OF OBSTETRICIANS AND GYNECOLOGISTS,HQDMY6A6WA59,,,Nonprofit Organization,409 12TH ST SW,WASHINGTON,DC,USA,20024,DISTRICT OF COLUMBIA,98,2025-09-29,900489809,AMERICAN COLLEGE OF OBSTETRICIANS AND GYNECOLOGISTS,WASHINGTON,20024,E03,63505977,YES,1.0,1.5,exact-name+geo
NU58DP007494,cdc,Terminated,NEW MEXICO PERINATAL COLLABORATIVE,NM,SANTA FE,Other Health Organization,ASST_NON_NU58DP007494_075,NEW MEXICO PERINATAL COLLABORATIVE,WXGLHMNGJAZ8,,,Nonprofit Organization,38 SHAWNODESE,SANTA FE,NM,USA,87508,SANTA FE,03,2025-09-29,,NEW MEXICO ALIVE,SANTA FE,,,,NO,0.849,0.5,name+geo (closest rejected)
NU2HGH000093,cdc,Terminated,RESEARCH TRIANGLE INSTITUTE,NC,DURHAM,"Research Institution, Foundation and Laboratory",ASST_NON_NU2HGH000093_075,RESEARCH TRIANGLE INSTITUTE,JJHCMK4NT5N3,JJHCMK4NT5N3,RESEARCH TRIANGLE INSTITUTE,Nonprofit Organization,3040 CORNWALLIS RD,RESEARCH TRIANGLE PARK,NC,USA,27709,DURHAM,04,2025-09-29,560686338,RESEARCH TRIANGLE INSTITUTE,DURHAM,27713,U200,1403482013,YES,1.0,0.0,exact-name
NU2GGH002550,cdc,Terminated,SHWARI HEALTH ASSOCIATION,N/A,YAOUNDE,Other Health Organization,ASST_NON_NU2GGH002550_075,SHWARI HEALTH ASSOCIATION,PSS1PWYEYSC5,,,,YAOUNDE,YAOUNDE,,CMR,,,,2025-09-29,,,,,,,FOREIGN,0,0,non-us-recipient:CMR
NH28CE002463,cdc,Terminated,Community Action for Healthy Living Inc,WI,Appleton,Other Special Interest Organization,ASST_NON_NH28CE002463_075,COMMUNITY ACTION FOR HEALTHY LIVING INC,TM7LLYMKK7K4,,,Nonprofit Organization,513 W COLLEGE AVE STE 420D,APPLETON,WI,USA,54911,OUTAGAMIE,08,2023-09-29,271770033,COMMUNITY ACTION FOR HEALTHY LIVING,APPLETON,54911,E70,215581,YES,1.0,1.5,exact-name+geo
NH28CE003600,cdc,Terminated,WICOMICO COUNTY MARYLAND,MD,SALISBURY,Other Health Organization,ASST_NON_NH28CE003600_075,WICOMICO COUNTY MARYLAND,TU4YNFLGKLF5,,,Nonprofit Organization,125 N DIVISION ST,SALISBURY,MD,USA,21801,WICOMICO,01,2025-08-01,,,,,,,GOV,0,0,government-entity
NU58DP007492,cdc,Terminated,"NATIONAL PERINATAL INFORMATION CENTER, INC.",RI,PROVIDENCE,Other Health Organization,ASST_NON_NU58DP007492_075,"NATIONAL PERINATAL INFORMATION CENTER, INC.",LF4MCCARNB15,,,Nonprofit Organization,225 CHAPMAN ST,PROVIDENCE,RI,USA,02905,PROVIDENCE,01,2025-05-30,050415082,NATIONAL PERINATAL INFORMATION CENTER INC,WARWICK,02886,E33L,1640874,YES,1.0,0.0,exact-name
NU2GGH002390,cdc,Terminated,"INTERNATIONAL CENTRE FOR DIARRHOEAL DISEASE RESEARCH, BANGLADESH",N/A,Dhaka,"Research Institution, Foundation and Laboratory",ASST_NON_NU2GGH002390_075,"INTERNATIONAL CENTRE FOR DIARRHOEAL DISEASE RESEARCH, BANGLADESH",MS5NE1JLU463,,,Nonprofit Organization,"68, SHAHEED TAJUDDIN AHMED SARANI",DHAKA,,BGD,,,,2025-06-15,,,,,,,FOREIGN,0,0,non-us-recipient:BGD
NU2GGH002391,cdc,Terminated,FAMILY HEALTH INTERNATIONAL,NC,DURHAM,Other Health Organization,ASST_NON_NU2GGH002391_075,FAMILY HEALTH INTERNATIONAL,VRAASTY11EA3,,,Nonprofit Organization,359 BLACKWELL STREET,DURHAM,NC,USA,27701,DURHAM,04,2025-06-15,237413005,FAMILY HEALTH INTERNATIONAL,DURHAM,27701,Q300,,YES,1.0,1.5,exact-name+geo
NU2GGH002392,cdc,Terminated,"INTERCHURCH MEDICAL ASSISTANCE, INC.",DC,WASHINGTON,Other Health Organization,ASST_NON_NU2GGH002392_075,"INTERCHURCH MEDICAL ASSISTANCE, INC.",GPB7APFW6S13,,,Nonprofit Organization,"1730 M STREET, NW",WASHINGTON,DC,USA,20036,DISTRICT OF COLUMBIA,98,2025-06-15,,,,,,,NO,0,0,no-candidate>=0.80
U01GH002231,cdc,Terminated,AFRICAN FIELD EPIDEMIOLOGY NETWORK LTD,N/A,KAMPALA,Other Social Services Organization,ASST_NON_U01GH002231_075,AFRICAN FIELD EPIDEMIOLOGY NETWORK LTD,TKN5P25GATN7,,,Nonprofit Organization,"LUGOGO HOUSE, PLOT 42, LUGOGO BYPASS",KAMPALA,,UGA,,,,2025-06-15,,,,,,,FOREIGN,0,0,non-us-recipient:UGA
U01GH002386,cdc,Terminated,SAFE WATER AND AIDS PROJECT,N/A,KISUMU,Environmental Organization,ASST_NON_U01GH002386_075,SAFE WATER AND AIDS PROJECT,S796NCM8GVW4,,,Nonprofit Organization,AGA KHAN ROAD,KISUMU,,KEN,,,,2025-06-15,,,,,,,FOREIGN,0,0,non-us-recipient:KEN
U01GH002396,cdc,Terminated,AFRICAN FIELD EPIDEMIOLOGY NETWORK LTD,N/A,KAMPALA,Other Social Services Organization,ASST_NON_U01GH002396_075,AFRICAN FIELD EPIDEMIOLOGY NETWORK LTD,TKN5P25GATN7,,,Nonprofit Organization,"LUGOGO HOUSE, PLOT 42, LUGOGO BYPASS",KAMPALA,,UGA,,,,2025-06-15,,,,,,,FOREIGN,0,0,non-us-recipient:UGA
NH28CE003861,cdc,Terminated,ENCOURAGING LEADERS,MN,MINNEAPOLIS,Other Educational Organization,ASST_NON_NH28CE003861_075,ENCOURAGING LEADERS,UD37JS3HKKT5,,,Nonprofit Organization,715 PENN AVE N,MINNEAPOLIS,MN,USA,55411,HENNEPIN,05,2025-05-21,844229585,ENCOURAGING LEADERS,MINNEAPOLIS,55411,O50,728698,YES,1.0,1.5,exact-name+geo
NU58DP007367,cdc,Terminated,IDAHO DEPARTMENT OF HEALTH & WELFARE,ID,BOISE,Health Department,ASST_NON_NU58DP007367_075,IDAHO DEPARTMENT OF HEALTH & WELFARE,WP92EVJB9HF9,,,Government|U.S. Regional/State Government,450 W STATE ST FL 10,BOISE,ID,USA,83702,ADA,02,2025-06-06,,,,,,,GOV,0,0,government-entity
NU38PW000040,cdc,Terminated,PRESIDENT AND FELLOWS OF HARVARD COLLEGE,MA,BOSTON,"Junior College, College & University",ASST_NON_NU38PW000040_075,PRESIDENT AND FELLOWS OF HARVARD COLLEGE,JDLVAVGYJQ21,JR2RTJW1HBW6,HARVARD COLLEGE PRESIDENT & FELLOWS OF,Higher Education|Higher Education (Private),25 SHATTUCK ST,BOSTON,MA,USA,02115,SUFFOLK,07,2027-07-31,042103580,PRESIDENT AND FELLOWS OF HARVARD COLLEGE,CAMBRIDGE,02138,B500,0,YES,1.0,0.0,exact-name
NH78TU000001,cdc,Terminated,PRESIDENT AND FELLOWS OF HARVARD COLLEGE,MA,Cambridge,"Junior College, College & University",ASST_NON_NH78TU000001_075,PRESIDENT AND FELLOWS OF HARVARD COLLEGE,UNVDZNFA8R29,UNVDZNFA8R29,PRESIDENT AND FELLOWS OF HARVARD COLLEGE,Higher Education|Higher Education (Private),1033 MASSACHUSETTS AVE STE 3,CAMBRIDGE,MA,USA,02138,MIDDLESEX,05,2029-09-29,042103580,PRESIDENT AND FELLOWS OF HARVARD COLLEGE,CAMBRIDGE,02138,B500,0,YES,1.0,1.5,exact-name+geo
R01TS000315,cdc,Terminated,President and Fellows of Harvard College,MA,Cambridge,"Junior College, College & University",,,,,,,,,,,,,,,042103580,PRESIDENT AND FELLOWS OF HARVARD COLLEGE,CAMBRIDGE,02138,B500,0,YES,1.0,0.0,exact-name
R01TS000318,cdc,Terminated,President and Fellows of Harvard College,MA,Cambridge,"Junior College, College & University",,,,,,,,,,,,,,,042103580,PRESIDENT AND FELLOWS OF HARVARD COLLEGE,CAMBRIDGE,02138,B500,0,YES,1.0,0.0,exact-name
R01TS000338,cdc,Terminated,President and Fellows of Harvard College,MA,Cambridge,"Junior College, College & University",,,,,,,,,,,,,,,042103580,PRESIDENT AND FELLOWS OF HARVARD COLLEGE,CAMBRIDGE,02138,B500,0,YES,1.0,0.0,exact-name
R21OH012626,cdc,Terminated,President and Fellows of Harvard College,MA,Cambridge,"Junior College, College & University",ASST_NON_R21OH012626_075,PRESIDENT AND FELLOWS OF HARVARD COLLEGE,UNVDZNFA8R29,UNVDZNFA8R29,PRESIDENT AND FELLOWS OF HARVARD COLLEGE,Higher Education|Higher Education (Public),1033 MASSACHUSETTS AVE STE 3,CAMBRIDGE,MA,USA,02138,MIDDLESEX,05,2027-04-30,042103580,PRESIDENT AND FELLOWS OF HARVARD COLLEGE,CAMBRIDGE,02138,B500,0,YES,1.0,1.5,exact-name+geo
T42OH008416,cdc,Terminated,President and Fellows of Harvard College,MA,Cambridge,"Junior College, College & University",ASST_NON_T42OH008416_075,PRESIDENT AND FELLOWS OF HARVARD COLLEGE,UNVDZNFA8R29,UNVDZNFA8R29,PRESIDENT AND FELLOWS OF HARVARD COLLEGE,Higher Education|Higher Education (Private),1033 MASSACHUSETTS AVE STE 3,CAMBRIDGE,MA,USA,02138,MIDDLESEX,05,2028-06-30,042103580,PRESIDENT AND FELLOWS OF HARVARD COLLEGE,CAMBRIDGE,02138,B500,0,YES,1.0,1.5,exact-name+geo
U19OH008861,cdc,Terminated,PRESIDENT AND FELLOWS OF HARVARD COLLEGE,MA,Cambridge,"Junior College, College & University",ASST_NON_U19OH008861_075,PRESIDENT AND FELLOWS OF HARVARD COLLEGE,UNVDZNFA8R29,UNVDZNFA8R29,PRESIDENT AND FELLOWS OF HARVARD COLLEGE,Higher Education|Higher Education (Private),1033 MASSACHUSETTS AVE STE 3,CAMBRIDGE,MA,USA,02138,MIDDLESEX,05,2026-08-31,042103580,PRESIDENT AND FELLOWS OF HARVARD COLLEGE,CAMBRIDGE,02138,B500,0,YES,1.0,1.5,exact-name+geo
U48DP006376,cdc,Terminated,President and Fellows of Harvard College,MA,Cambridge,"Junior College, College & University",ASST_NON_U48DP006376_075,PRESIDENT AND FELLOWS OF HARVARD COLLEGE,UNVDZNFA8R29,UNVDZNFA8R29,PRESIDENT AND FELLOWS OF HARVARD COLLEGE,Higher Education|Higher Education (Private),1033 MASSACHUSETTS AVE STE 3,CAMBRIDGE,MA,USA,02138,MIDDLESEX,05,2026-03-29,042103580,PRESIDENT AND FELLOWS OF HARVARD COLLEGE,CAMBRIDGE,02138,B500,0,YES,1.0,1.5,exact-name+geo
U48DP006785,cdc,Terminated,PRESIDENT AND FELLOWS OF HARVARD COLLEGE,MA,Cambridge,"Junior College, College & University",ASST_NON_U48DP006785_075,PRESIDENT AND FELLOWS OF HARVARD COLLEGE,UNVDZNFA8R29,UNVDZNFA8R29,PRESIDENT AND FELLOWS OF HARVARD COLLEGE,Higher Education|Higher Education (Private),1033 MASSACHUSETTS AVE STE 3,CAMBRIDGE,MA,USA,02138,MIDDLESEX,05,2029-09-29,042103580,PRESIDENT AND FELLOWS OF HARVARD COLLEGE,CAMBRIDGE,02138,B500,0,YES,1.0,1.5,exact-name+geo
U48DP006873,cdc,Terminated,President and Fellows of Harvard College,MA,Cambridge,"Junior College, College & University",ASST_NON_U48DP006873_075,PRESIDENT AND FELLOWS OF HARVARD COLLEGE,UNVDZNFA8R29,UNVDZNFA8R29,PRESIDENT AND FELLOWS OF HARVARD COLLEGE,Higher Education|Higher Education (Private),1033 MASSACHUSETTS AVE STE 3,CAMBRIDGE,MA,USA,02138,MIDDLESEX,05,2029-09-29,042103580,PRESIDENT AND FELLOWS OF HARVARD COLLEGE,CAMBRIDGE,02138,B500,0,YES,1.0,1.5,exact-name+geo
U54CK000611,cdc,Terminated,"HARVARD PILGRIM HEALTH CARE, INC.",MA,CANTON,"Intermediary Organization ( Insurance, Etc. )",ASST_NON_U54CK000611_075,"HARVARD PILGRIM HEALTH CARE, INC.",NZVVQ8GNVX65,,,Nonprofit Organization,1 WELLNESS WAY,CANTON,MA,USA,02021,NORFOLK,08,2027-05-31,042452600,HARVARD PILGRIM HEALTH CARE INC,CANTON,02021,E310,2453284172,YES,1.0,1.5,exact-name+geo
NH75OT000066,cdc,Reinstated (confirmed),COLORADO DEPARTMENT OF PUBLIC HEALTH & ENVIRONMENT,CO,DENVER,Health Department,ASST_NON_NH75OT000066_075,COLORADO DEPARTMENT OF PUBLIC HEALTH & ENVIRONMENT,Y3WEW9MQ6NH5,,,Government|U.S. Regional/State Government,4300 CHERRY CREEK DR S,DENVER,CO,USA,80246,ARAPAHOE,01,2026-05-31,,,,,,,GOV,0,0,government-entity
NU2HGH000031,cdc,Reinstated (confirmed),WASHINGTON STATE UNIVERSITY,WA,PULLMAN,"Junior College, College & University",ASST_NON_NU2HGH000031_075,WASHINGTON STATE UNIVERSITY,XRJSGX384TD6,,,Higher Education|Higher Education (Public),240 FRENCH ADMINISTRATION BLDG,PULLMAN,WA,USA,99164,WHITMAN,05,2026-06-30,020805839,WASHINGTON STATE UNIVERSITY,PORT ANGELES,98363,O52,0,YES,1.0,0.0,exact-name
NU50CK000614,cdc,Reinstated (confirmed),UNIVERSITY OF CALIFORNIA IRVINE,CA,IRVINE,"Junior College, College & University",ASST_NON_NU50CK000614_075,UNIVERSITY OF CALIFORNIA IRVINE,MJC5FCYQTPE6,MJC5FCYQTPE6,UNIVERSITY OF CALIFORNIA IRVINE,Higher Education|Higher Education (Public),160 ALDRICH HALL,IRVINE,CA,USA,92697,ORANGE,47,2026-07-31,952226406,REGENTS OF THE UNIVERSITY OF CALIFORNIA AT IRVINE,IRVINE,92617,,,YES,1.0,0.5,exact-name+geo-modulo-governance
NU50CK000615,cdc,Reinstated (confirmed),UNIVERSITY OF WASHINGTON,WA,SEATTLE,"Junior College, College & University",ASST_NON_NU50CK000615_075,UNIVERSITY OF WASHINGTON,HD1WMN6945W6,,,Higher Education|Higher Education (Private),4333 BROOKLYN AVE NE,SEATTLE,WA,USA,98195,KING,07,2026-07-31,911486484,UNIVERSITY OF WASHINGTON,SEATTLE,98109,J40,0,YES,1.0,0.5,exact-name+geo
U01CK000643,cdc,Reinstated (confirmed),"UNIVERSITY OF CALIFORNIA, LOS ANGELES",CA,LOS ANGELES,"Junior College, College & University",ASST_NON_U01CK000643_075,"UNIVERSITY OF CALIFORNIA, LOS ANGELES",RN64EPNH8JC6,,,,10889 WILSHIRE BLVD STE 700,LOS ANGELES,CA,USA,90024,LOS ANGELES,36,2027-04-30,,UNIVERSITY OF SOUTHERN CALIFORNIA,LOS ANGELES,,,,NO,0.877,0.5,name+geo (closest rejected)
U01GH002346,cdc,Reinstated (confirmed),WASHINGTON STATE UNIVERSITY,WA,PULLMAN,"Junior College, College & University",ASST_NON_U01GH002346_075,WASHINGTON STATE UNIVERSITY,XRJSGX384TD6,,,,240 FRENCH ADMINISTRATION BLDG,PULLMAN,WA,USA,99164,WHITMAN,05,2026-09-29,020805839,WASHINGTON STATE UNIVERSITY,PORT ANGELES,98363,O52,0,YES,1.0,0.0,exact-name
NU2HGH000100,cdc,Reinstated (confirmed),UNIVERSITY OF WASHINGTON,WA,SEATTLE,"Junior College, College & University",ASST_NON_NU2HGH000100_075,UNIVERSITY OF WASHINGTON,HD1WMN6945W6,EJ1MZKTX7GR7,UNIVERSITY OF WASHINGTON INC,Higher Education|Higher Education (Public),4333 BROOKLYN AVE NE,SEATTLE,WA,USA,98195,KING,07,2026-09-29,911486484,UNIVERSITY OF WASHINGTON,SEATTLE,98109,J40,0,YES,1.0,0.5,exact-name+geo
NH23IP922583,cdc,Reinstated (confirmed),CITY OF PHILADELPHIA,PA,Philadelphia,Health Department,ASST_NON_NH23IP922583_075,CITY OF PHILADELPHIA,NVHLFCAN68G9,,CITY OF PHILADELPHIA,Government|U.S. Regional/State Government,1101 MARKET ST FL 12,PHILADELPHIA,PA,USA,19107,PHILADELPHIA,02,2025-06-30,,,,,,,GOV,0,0,government-entity
NH23IP922594,cdc,Reinstated (confirmed),"HEALTH, NEW JERSEY DEPARTMENT OF",NJ,TRENTON,Health Department,ASST_NON_NH23IP922594_075,"HEALTH, NEW JERSEY DEPARTMENT OF",MQKPEU6D1BT5,,,Government|U.S. Regional/State Government,55 N WILLOW ST,TRENTON,NJ,USA,08608,MERCER,12,2025-06-30,,,,,,,GOV,0,0,government-entity
NH23IP922596,cdc,Reinstated (confirmed),"DISTRICT OF COLUMBIA, GOVERNMENT OF",DC,WASHINGTON,Health Department,ASST_NON_NH23IP922596_075,"DISTRICT OF COLUMBIA, GOVERNMENT OF",XUYTN6MMLKE3,,,Government|U.S. Regional/State Government,2201 SHANNON PL SE,WASHINGTON,DC,USA,20020,DISTRICT OF COLUMBIA,98,2025-06-30,,,,,,,GOV,0,0,government-entity
NH23IP922598,cdc,Reinstated (confirmed),EXECUTIVE OFFICE OF THE GOVERNOR OF DELAWARE,DE,DOVER,Planning & Administrative Organizations,ASST_NON_NH23IP922598_075,EXECUTIVE OFFICE OF THE GOVERNOR OF DELAWARE,GKQPH6J32LN7,,,Government|U.S. Regional/State Government,417 FEDERAL ST STE 1,DOVER,DE,USA,19901,KENT,00,2025-06-30,,,,,,,GOV,0,0,government-entity
NH23IP922599,cdc,Reinstated (confirmed),ARIZONA DEPARTMENT OF HEALTH SERVICES,AZ,PHOENIX,Health Department,ASST_NON_NH23IP922599_075,ARIZONA DEPARTMENT OF HEALTH SERVICES,QMWUG1AMYF65,,,Government|U.S. Regional/State Government,150 N 18TH AVE STE 530,PHOENIX,AZ,USA,85007,MARICOPA,03,2025-06-30,,,,,,,GOV,0,0,government-entity
NH23IP922600,cdc,Reinstated (confirmed),COLORADO DEPARTMENT OF PUBLIC HEALTH & ENVIRONMENT,CO,DENVER,Health Department,ASST_NON_NH23IP922600_075,COLORADO DEPARTMENT OF PUBLIC HEALTH & ENVIRONMENT,Y3WEW9MQ6NH5,UVYMYSLJJUP4,THE STATE HISTORICAL SOCIETY OF COLORADO,Government|U.S. Regional/State Government,4300 CHERRY CREEK DR S,DENVER,CO,USA,80246,ARAPAHOE,01,2025-06-30,,,,,,,GOV,0,0,government-entity
NH23IP922602,cdc,Reinstated (confirmed),DEPARTMENT OF PUBLIC HEALTH CONNECTICUT,CT,HARTFORD,Health Department,ASST_NON_NH23IP922602_075,DEPARTMENT OF PUBLIC HEALTH CONNECTICUT,RFZKKT5RU3F8,DJD3ZBJ1HNL7,CONSUMER PROTECTION CONNECTICUT DEPARTMENT,Government|U.S. Regional/State Government,410 CAPITOL AVE,HARTFORD,CT,USA,06106,CAPITOL,01,2025-06-30,,,,,,,GOV,0,0,government-entity
NH23IP922603,cdc,Reinstated (confirmed),State of New Mexico,NM,Santa Fe,Health Department,ASST_NON_NH23IP922603_075,STATE OF NEW MEXICO,E7TEBXBL17P5,,,Government|U.S. Regional/State Government,1190 S SAINT FRANCIS DR # 3152,SANTA FE,NM,USA,87505,SANTA FE,03,2025-06-30,,,,,,,GOV,0,0,government-entity
NH23IP922604,cdc,Reinstated (confirmed),"Health And Human Services, Maine Department Of",ME,Augusta,Welfare Department,ASST_NON_NH23IP922604_075,"HEALTH AND HUMAN SERVICES, MAINE DEPARTMENT OF",GJEPWTMKF5A3,,,Government|U.S. Regional/State Government,109 CAPITOL STREET,AUGUSTA,ME,USA,04333,KENNEBEC,02,2025-06-30,,,,,,,GOV,0,0,government-entity
NH23IP922609,cdc,Reinstated (confirmed),NEVADA DEPARTMENT OF HEALTH AND HUMAN SERVICES,NV,CARSON CITY,Welfare Department,ASST_NON_NH23IP922609_075,NEVADA DEPARTMENT OF HEALTH AND HUMAN SERVICES,F99FYNEGXSH9,,,Government|U.S. Regional/State Government,4150 TECHNOLOGY WAY,CARSON CITY,NV,USA,89706,CARSON CITY (CITY),02,2025-06-30,,,,,,,GOV,0,0,government-entity
NH23IP922611,cdc,Reinstated (confirmed),STATE OF WISCONSIN DEPARTMENT OF HEALTH SERVICES,WI,Madison,Other Social Services Organization,ASST_NON_NH23IP922611_075,STATE OF WISCONSIN DEPARTMENT OF HEALTH SERVICES,CG2SZ7HCNV54,,,Government|U.S. Regional/State Government,201 E WASHINGTON AVE,MADISON,WI,USA,53703,DANE,02,2025-06-30,,,,,,,GOV,0,0,government-entity
NH23IP922612,cdc,Reinstated (confirmed),"PUBLIC HEALTH, CALIFORNIA DEPARTMENT OF",CA,SACRAMENTO,Other Health Organization,ASST_NON_NH23IP922612_075,"PUBLIC HEALTH, CALIFORNIA DEPARTMENT OF",KD2JSY6LNMW7,KD2JSY6LNMW7,"PUBLIC HEALTH, CALIFORNIA DEPARTMENT OF",Government|U.S. Regional/State Government,1615 CAPITOL AVE,SACRAMENTO,CA,USA,95814,SACRAMENTO,07,2025-06-30,,,,,,,GOV,0,0,government-entity
NH23IP922613,cdc,Reinstated (confirmed),CHICAGO DEPARTMENT OF PUBLIC HEALTH,IL,CHICAGO,Planning & Administrative Organizations,ASST_NON_NH23IP922613_075,CHICAGO DEPARTMENT OF PUBLIC HEALTH,K8F7VYLKGN64,,CITY OF CHICAGO,Government|U.S. Regional/State Government,111 WEST WASHINGTON STREET,CHICAGO,IL,USA,60602,COOK,07,2025-06-30,,,,,,,GOV,0,0,government-entity
NH23IP922614,cdc,Reinstated (confirmed),HAWAII DEPARTMENT OF HEALTH,HI,HONOLULU,Health Department,ASST_NON_NH23IP922614_075,HAWAII DEPARTMENT OF HEALTH,LFVFLBD6XZB5,,,Government|U.S. Regional/State Government,1250 PUNCHBOWL ST,HONOLULU,HI,USA,96813,HONOLULU,01,2025-06-30,,,,,,,GOV,0,0,government-entity
NH23IP922618,cdc,Reinstated (confirmed),STATE OF RHODE ISLAND DEPARTMENT OF HEALTH,RI,Providence,Health Department,ASST_NON_NH23IP922618_075,STATE OF RHODE ISLAND DEPARTMENT OF HEALTH,NERYUGQ8XNB1,NSA8T7PLC9K3,STATE OF RHODE ISLAND,Government|U.S. Regional/State Government,3 CAPITOL HL,PROVIDENCE,RI,USA,02908,PROVIDENCE,01,2025-06-30,,,,,,,GOV,0,0,government-entity
NH23IP922619,cdc,Reinstated (confirmed),"HEALTH, WASHINGTON STATE DEPARTMENT OF",WA,TUMWATER,Other Health Organization,ASST_NON_NH23IP922619_075,"HEALTH, WASHINGTON STATE DEPARTMENT OF",C16SP2HBR123,,,Government|U.S. Regional/State Government,101 ISRAEL RD SE,OLYMPIA,WA,USA,98501,THURSTON,10,2025-06-30,,,,,,,GOV,0,0,government-entity
NH23IP922620,cdc,Reinstated (confirmed),HEALTH SERVICES KENTUCKY CABINET FOR,KY,FRANKFORT,Health Department,ASST_NON_NH23IP922620_075,HEALTH SERVICES KENTUCKY CABINET FOR,LECJQDCLHVE5,,,Government|U.S. Regional/State Government,275 E MAIN ST,FRANKFORT,KY,USA,40601,FRANKLIN,01,2025-06-30,,,,,,,GOV,0,0,government-entity
NH23IP922624,cdc,Reinstated (confirmed),NORTH CAROLINA DEPARTMENT OF HEALTH & HUMAN SERVICES,NC,RALEIGH,Welfare Department,ASST_NON_NH23IP922624_075,NORTH CAROLINA DEPARTMENT OF HEALTH & HUMAN SERVICES,DKT3LLBWFVL3,,,Government|U.S. Regional/State Government,1915 HEALTH SERVICES WAY,RALEIGH,NC,USA,27607,WAKE,02,2025-06-30,,,,,,,GOV,0,0,government-entity
NH23IP922625,cdc,Reinstated (confirmed),NYS DEPARTMENT OF HEALTH,NY,ALBANY,Welfare Department,ASST_NON_NH23IP922625_075,NYS DEPARTMENT OF HEALTH,F863WQVMZSK7,,,Government|U.S. Regional/State Government,CORNING TOWER,ALBANY,NY,USA,12237,ALBANY,20,2025-06-30,,,,,,,GOV,0,0,government-entity
NH23IP922626,cdc,Reinstated (confirmed),Oregon Health Authority-Public Health,OR,Salem,Health Department,ASST_NON_NH23IP922626_075,OREGON HEALTH AUTHORITY-PUBLIC HEALTH,HFJRBHKCBPR5,,,Government|U.S. Regional/State Government,500 SUMMER ST NE # E81,SALEM,OR,USA,97301,MARION,06,2025-06-30,,,,,,,GOV,0,0,government-entity
NH23IP922628,cdc,Reinstated (confirmed),MINNESOTA DEPARTMENT OF HEALTH,MN,SAINT PAUL,Health Department,ASST_NON_NH23IP922628_075,MINNESOTA DEPARTMENT OF HEALTH,DHQVY2WCVHC5,Z9Z1N8F2JFC1,STATE OF MINNESOTA,Government|U.S. Regional/State Government,625 ROBERT ST N,SAINT PAUL,MN,USA,55155,RAMSEY,04,2025-06-30,,,,,,,GOV,0,0,government-entity
NH23IP922629,cdc,Reinstated (confirmed),"PUBLIC HEALTH, MASSACHUSETTS DEPARTMENT OF",MA,BOSTON,Health Department,ASST_NON_NH23IP922629_075,"PUBLIC HEALTH, MASSACHUSETTS DEPARTMENT OF",DLKMR1QVDX34,,,Government|U.S. Regional/State Government,250 WASHINGTON ST,BOSTON,MA,USA,02108,SUFFOLK,08,2025-06-30,,,,,,,GOV,0,0,government-entity
NH23IP922632,cdc,Reinstated (confirmed),MARYLAND DEPARTMENT OF HEALTH,MD,BALTIMORE,Health Department,ASST_NON_NH23IP922632_075,MARYLAND DEPARTMENT OF HEALTH,Q4YJNDPS53E6,,,Government|U.S. Regional/State Government,201 W PRESTON ST FL 3,BALTIMORE,MD,USA,21201,BALTIMORE (CITY),07,2025-06-30,,,,,,,GOV,0,0,government-entity
NH23IP922634,cdc,Reinstated (confirmed),PENNSYLVANIA DEPARTMENT OF HEALTH,PA,HARRISBURG,Health Department,ASST_NON_NH23IP922634_075,PENNSYLVANIA DEPARTMENT OF HEALTH,JYYWJ2QYHQP5,TN75GJE1S7G3,COMMONWEALTH OF PENNSYLVANIA,Government|U.S. Regional/State Government,625 FORSTER ST,HARRISBURG,PA,USA,17120,DAUPHIN,10,2025-06-30,,,,,,,GOV,0,0,government-entity
NH23IP922635,cdc,Reinstated (confirmed),MICHIGAN DEPARTMENT OF HEALTH AND HUMAN SERVICES,MI,LANSING,Health Department,ASST_NON_NH23IP922635_075,MICHIGAN DEPARTMENT OF HEALTH AND HUMAN SERVICES,C2AQVDYYUAS7,,,Government|U.S. Regional/State Government,235 S GRAND AVE,LANSING,MI,USA,48933,INGHAM,07,2025-06-30,,,,,,,GOV,0,0,government-entity
NH23IP922636,cdc,Reinstated (confirmed),CITY OF NEW YORK,NY,LONG ISLAND CITY,Health Department,ASST_NON_NH23IP922636_075,CITY OF NEW YORK,XKJ3F8WKV2L3,,CITY OF NEW YORK,Government|U.S. Regional/State Government,4209 28TH ST,LONG ISLAND CITY,NY,USA,11101,QUEENS,07,2025-06-30,,,,,,,GOV,0,0,government-entity
NH23IP922637,cdc,Reinstated (confirmed),DEPARTMENT OF PUBLIC HEALTH ILLINOIS,IL,SPRINGFIELD,Health Department,ASST_NON_NH23IP922637_075,DEPARTMENT OF PUBLIC HEALTH ILLINOIS,NN66PR7QMLR8,D7HCF22DWPM5,HUMAN RIGHTS DEPT,Government|U.S. Regional/State Government,525 W JEFFERSON ST,SPRINGFIELD,IL,USA,62702,SANGAMON,13,2025-06-30,,,,,,,GOV,0,0,government-entity
NH75OT000004,cdc,Reinstated (confirmed),CITY OF LONG BEACH,CA,LONG BEACH,Health Department,ASST_NON_NH75OT000004_075,CITY OF LONG BEACH,P43FW2K6F7Z9,J3FACB8K56B7,"LONG BEACH, CITY OF",Government|U.S. Local Government,2525 GRAND AVE,LONG BEACH,CA,USA,90815,LOS ANGELES,42,2025-05-31,,,,,,,GOV,0,0,government-entity
NH75OT000005,cdc,Reinstated (confirmed),ARIZONA DEPARTMENT OF HEALTH SERVICES,AZ,PHOENIX,Health Department,ASST_NON_NH75OT000005_075,ARIZONA DEPARTMENT OF HEALTH SERVICES,QMWUG1AMYF65,,,Government|U.S. Regional/State Government,150 N 18TH AVE STE 530,PHOENIX,AZ,USA,85007,MARICOPA,03,2026-05-31,,,,,,,GOV,0,0,government-entity
NH75OT000006,cdc,Reinstated (confirmed),CITY OF PHILADELPHIA,PA,Philadelphia,Health Department,ASST_NON_NH75OT000006_075,CITY OF PHILADELPHIA,NVHLFCAN68G9,,CITY OF PHILADELPHIA,Government|U.S. Local Government,1101 MARKET ST FL 12,PHILADELPHIA,PA,USA,19107,PHILADELPHIA,02,2025-05-31,,,,,,,GOV,0,0,government-entity
NH75OT000007,cdc,Reinstated (confirmed),COUNTY OF FRESNO,CA,FRESNO,Health Department,ASST_NON_NH75OT000007_075,COUNTY OF FRESNO,GLP5PZLWSZE1,,COUNTY OF FRESNO,Government|U.S. Local Government,1221 FULTON ST # 3,FRESNO,CA,USA,93721,FRESNO,21,2026-05-31,,,,,,,GOV,0,0,government-entity
NH75OT000008,cdc,Reinstated (confirmed),MULTNOMAH COUNTY,OR,PORTLAND,Health Department,ASST_NON_NH75OT000008_075,MULTNOMAH COUNTY,DZRHDJDP41A4,,,Government|U.S. Local Government,501 SE HAWTHORNE BLVD STE 531,PORTLAND,OR,USA,97214,MULTNOMAH,01,2025-05-31,,,,,,,GOV,0,0,government-entity
NH75OT000011,cdc,Reinstated (confirmed),"MARICOPA, COUNTY OF",AZ,PHOENIX,Health Department,ASST_NON_NH75OT000011_075,"MARICOPA, COUNTY OF",LM85MG1513K5,,COUNTY OF MARICOPA,Government|U.S. Local Government,4041 N CENTRAL AVE STE 1400,PHOENIX,AZ,USA,85012,MARICOPA,03,2025-11-30,,,,,,,GOV,0,0,government-entity
NH75OT000016,cdc,Reinstated (confirmed),COUNTY OF SANTA CLARA,CA,SAN JOSE,Health Department,ASST_NON_NH75OT000016_075,COUNTY OF SANTA CLARA,T4CJWCFYDA24,,COUNTY OF SANTA CLARA,Government|U.S. Local Government,976 LENZEN AVE,SAN JOSE,CA,USA,95126,SANTA CLARA,18,2025-05-31,,,,,,,GOV,0,0,government-entity
NH75OT000019,cdc,Reinstated (confirmed),COUNTY OF RIVERSIDE,CA,RIVERSIDE,Health Department,ASST_NON_NH75OT000019_075,COUNTY OF RIVERSIDE,YXSZFGDUQUJ5,,COUNTY OF RIVERSIDE,Government|U.S. Local Government,4065 COUNTY CIRCLE DR,RIVERSIDE,CA,USA,92503,RIVERSIDE,39,2026-05-31,,,,,,,GOV,0,0,government-entity
NH75OT000021,cdc,Reinstated (confirmed),MECKLENBURG COUNTY,NC,CHARLOTTE,Planning & Administrative Organizations,ASST_NON_NH75OT000021_075,MECKLENBURG COUNTY,EZ15XL6BMM68,,,Government|U.S. Local Government,600 E 4TH ST,CHARLOTTE,NC,USA,28202,MECKLENBURG,12,2025-05-31,,,,,,,GOV,0,0,government-entity
NH75OT000024,cdc,Reinstated (confirmed),COOK COUNTY DEPARTMENT OF PUBLIC HEALTH,IL,FOREST PARK,Health Department,ASST_NON_NH75OT000024_075,COOK COUNTY DEPARTMENT OF PUBLIC HEALTH,WNF3V7BLNXX7,,COUNTY OF COOK,Government|U.S. Local Government,7556 JACKSON BLVD,FOREST PARK,IL,USA,60130,COOK,07,2025-05-31,,,,,,,GOV,0,0,government-entity
NH75OT000025,cdc,Reinstated (confirmed),KING COUNTY,WA,SEATTLE,Health Department,ASST_NON_NH75OT000025_075,KING COUNTY,TS2LXAN2W8A8,,,Government|U.S. Local Government,401 5TH AVE,SEATTLE,WA,USA,98104,KING,09,2025-11-19,,,,,,,GOV,0,0,government-entity
NH75OT000028,cdc,Reinstated (confirmed),STATE OF NORTH CAROLINA DEPARTMENT OF HEALTH & HUMAN SERVICES,NC,RALEIGH,Welfare Department,ASST_NON_NH75OT000028_075,NORTH CAROLINA DEPARTMENT OF HEALTH & HUMAN SERVICES,DKT3LLBWFVL3,,,Government|U.S. Regional/State Government,101 BLAIR DR,RALEIGH,NC,USA,27603,WAKE,02,2026-05-31,,,,,,,GOV,0,0,government-entity
NH75OT000029,cdc,Reinstated (confirmed),OREGON HEALTH AUTHORITY,OR,SALEM,Health Department,ASST_NON_NH75OT000029_075,OREGON HEALTH AUTHORITY-PUBLIC HEALTH,HFJRBHKCBPR5,,,Government|U.S. Regional/State Government,500 SUMMER ST NE # E-82,SALEM,OR,USA,97301,MARION,06,2026-05-31,,,,,,,GOV,0,0,government-entity
NH75OT000030,cdc,Reinstated (confirmed),"PUBLIC HEALTH, MASSACHUSETTS DEPARTMENT OF",MA,BOSTON,Health Department,ASST_NON_NH75OT000030_075,"PUBLIC HEALTH, MASSACHUSETTS DEPARTMENT OF",DLKMR1QVDX34,,,Government|U.S. Regional/State Government,250 WASHINGTON ST,BOSTON,MA,USA,02108,SUFFOLK,08,2025-05-31,,,,,,,GOV,0,0,government-entity
NH75OT000032,cdc,Reinstated (confirmed),MINNESOTA DEPARTMENT OF HEALTH,MN,SAINT PAUL,Health Department,ASST_NON_NH75OT000032_075,MINNESOTA DEPARTMENT OF HEALTH,DHQVY2WCVHC5,,,Government|U.S. Regional/State Government,625 ROBERT ST N,SAINT PAUL,MN,USA,55155,RAMSEY,04,2025-12-31,,,,,,,GOV,0,0,government-entity
NH75OT000035,cdc,At-risk,"Public Health, California Department of",CA,SACRAMENTO,Other Health Organization,ASST_NON_NH75OT000035_075,"PUBLIC HEALTH, CALIFORNIA DEPARTMENT OF",KD2JSY6LNMW7,KD2JSY6LNMW7,"PUBLIC HEALTH, CALIFORNIA DEPARTMENT OF",Government|U.S. Regional/State Government,1615 CAPITOL AVE,SACRAMENTO,CA,USA,95814,SACRAMENTO,07,2026-05-31,,,,,,,GOV,0,0,government-entity
NH75OT000037,cdc,Reinstated (confirmed),STATE OF RHODE ISLAND DEPARTMENT OF HEALTH,RI,Providence,Health Department,ASST_NON_NH75OT000037_075,STATE OF RHODE ISLAND DEPARTMENT OF HEALTH,NERYUGQ8XNB1,NSA8T7PLC9K3,STATE OF RHODE ISLAND,Government|U.S. Regional/State Government,3 CAPITOL HL,PROVIDENCE,RI,USA,02908,PROVIDENCE,01,2025-05-31,,,,,,,GOV,0,0,government-entity
NH75OT000039,cdc,Reinstated (confirmed),STATE OF WISCONSIN DEPARTMENT OF HEALTH SERVICES,WI,MADISON,Rehabilitation Organization ( Other Than Criminal ),ASST_NON_NH75OT000039_075,STATE OF WISCONSIN DEPARTMENT OF HEALTH SERVICES,CG2SZ7HCNV54,,,Government|U.S. Regional/State Government,1 W WILSON ST,MADISON,WI,USA,53703,DANE,02,2026-05-31,,,,,,,GOV,0,0,government-entity
NH75OT000040,cdc,Reinstated (confirmed),HEALTH SERVICES KENTUCKY CABINET FOR,KY,FRANKFORT,Health Department,ASST_NON_NH75OT000040_075,HEALTH SERVICES KENTUCKY CABINET FOR,LECJQDCLHVE5,,,Government|U.S. Regional/State Government,275 E MAIN ST,FRANKFORT,KY,USA,40601,FRANKLIN,01,2026-05-31,,,,,,,GOV,0,0,government-entity
NH75OT000042,cdc,Reinstated (confirmed),"HEALTH, WASHINGTON STATE DEPARTMENT OF",WA,TUMWATER,Other Health Organization,ASST_NON_NH75OT000042_075,"HEALTH, WASHINGTON STATE DEPARTMENT OF",C16SP2HBR123,,,Government|U.S. Regional/State Government,101 ISRAEL RD SE,OLYMPIA,WA,USA,98501,THURSTON,10,2026-05-31,,,,,,,GOV,0,0,government-entity
NH75OT000043,cdc,Reinstated (confirmed),"HEALTH AND HUMAN SERVICES, MAINE DEPARTMENT OF",ME,AUGUSTA,Welfare Department,ASST_NON_NH75OT000043_075,"HEALTH AND HUMAN SERVICES, MAINE DEPARTMENT OF",GJEPWTMKF5A3,,,Government|U.S. Regional/State Government,11 STATE HOUSE STA,AUGUSTA,ME,USA,04333,KENNEBEC,02,2026-05-31,,,,,,,GOV,0,0,government-entity
NH75OT000049,cdc,Reinstated (confirmed),COUNTY OF SAN DIEGO,CA,SAN DIEGO,Health Department,ASST_NON_NH75OT000049_075,COUNTY OF SAN DIEGO,KTWAJNF4SJE5,NGTRB2LHNY35,"SAN DIEGO, COUNTY OF",Government|U.S. Local Government,5469 KEARNEY VILLA RD,SAN DIEGO,CA,USA,92123,SAN DIEGO,51,2026-05-31,,,,,,,GOV,0,0,government-entity
NH75OT000050,cdc,At-risk,CITY & COUNTY OF SAN FRANCISCO,CA,SAN FRANCISCO,Health Department,ASST_NON_NH75OT000050_075,CITY & COUNTY OF SAN FRANCISCO,DCTNHRGU1K75,LNADLQGAWKL6,CITY AND COUNTY OF SAN FRANCISCO,Government|U.S. Local Government,101 GROVE ST,SAN FRANCISCO,CA,USA,94102,SAN FRANCISCO,11,2026-05-31,,,,,,,GOV,0,0,government-entity
NH75OT000051,cdc,At-risk,COUNTY OF ALAMEDA PUBLIC HEALTH DEPARTMENT,CA,SAN LEANDRO,Other Health Organization,ASST_NON_NH75OT000051_075,COUNTY OF ALAMEDA PUBLIC HEALTH DEPARTMENT,FXMSCMPZEPY4,,COUNTY OF ALAMEDA,Government|U.S. Local Government,1100 SAN LEANDRO BLVD,SAN LEANDRO,CA,USA,94577,ALAMEDA,12,2026-05-31,,,,,,,GOV,0,0,government-entity
NH75OT000057,cdc,Reinstated (confirmed),SOUTHERN NEVADA HEALTH DIST,NV,LAS VEGAS,Health Department,ASST_NON_NH75OT000057_075,SOUTHERN NEVADA HEALTH DIST,ND67WQ2LD8B1,,,Government|U.S. Local Government,280 S DECATUR BLVD,LAS VEGAS,NV,USA,89107,CLARK,04,2025-05-31,,,,,,,GOV,0,0,government-entity
NH75OT000058,cdc,Reinstated (confirmed),BOSTON PUBLIC HEALTH COMMISSION,MA,BOSTON,Other Health Organization,ASST_NON_NH75OT000058_075,BOSTON PUBLIC HEALTH COMMISSION,EHHGWYELR4R3,,,Government|U.S. Local Government,1010 MASSACHUSETTS AVE FL 2,BOSTON,MA,USA,02118,SUFFOLK,07,2025-05-31,,,,,,,GOV,0,0,government-entity
NH75OT000063,cdc,Reinstated (confirmed),PIMA COUNTY,AZ,TUCSON,Health Department,ASST_NON_NH75OT000063_075,PIMA COUNTY,U8XUY58VDQS3,,PIMA COUNTY,Government|U.S. Local Government,3950 S COUNTRY CLUB RD STE 100,TUCSON,AZ,USA,85714,PIMA,07,2026-05-31,,,,,,,GOV,0,0,government-entity
NH75OT000064,cdc,Reinstated (confirmed),SAN BERNARDINO PUBLIC HEALTH,CA,SAN BERNARDINO,Health Department,ASST_NON_NH75OT000064_075,SAN BERNARDINO PUBLIC HEALTH,PD18A8XKE7B6,PD18A8XKE7B6,SAN BERNARDINO PUBLIC HEALTH,Government|U.S. Local Government,451 E VANDERBILT WAY STE 200,SAN BERNARDINO,CA,USA,92408,SAN BERNARDINO,33,2026-05-31,,,,,,,GOV,0,0,government-entity
NH75OT000067,cdc,Reinstated (confirmed),DEPARTMENT OF PUBLIC HEALTH CONNECTICUT,CT,HARTFORD,Health Department,ASST_NON_NH75OT000067_075,DEPARTMENT OF PUBLIC HEALTH CONNECTICUT,RFZKKT5RU3F8,,,Government|U.S. Regional/State Government,410 CAPITOL AVE,HARTFORD,CT,USA,06106,CAPITOL,01,2026-05-31,,,,,,,GOV,0,0,government-entity
NH75OT000069,cdc,Reinstated (confirmed),HAWAII DEPARTMENT OF HEALTH,HI,HONOLULU,Health Department,ASST_NON_NH75OT000069_075,HAWAII DEPARTMENT OF HEALTH,LFVFLBD6XZB5,,,Government|U.S. Regional/State Government,1250 PUNCHBOWL ST,HONOLULU,HI,USA,96813,HONOLULU,01,2026-05-31,,,,,,,GOV,0,0,government-entity
NH75OT000074,cdc,Reinstated (confirmed),CITY OF MILWAUKEE,WI,MILWAUKEE,Health Department,ASST_NON_NH75OT000074_075,CITY OF MILWAUKEE,RKLBLX5GZQR9,,,Government|U.S. Local Government,841 N BROADWAY FL 3,MILWAUKEE,WI,USA,53202,MILWAUKEE,04,2026-05-31,,,,,,,GOV,0,0,government-entity
NH75OT000075,cdc,Reinstated (confirmed),"HEALTH RESEARCH, INC.",NY,Menands,Health Department,ASST_NON_NH75OT000075_075,"HEALTH RESEARCH, INC.",WJ37AD42G8A5,,"HEALTH RESEARCH, INC.",Government|U.S. Regional/State Government,150 BROADWAY STE 280,ALBANY,NY,USA,12204,ALBANY,20,2026-05-31,,,,,,,GOV,0,0,government-entity
NH75OT000077,cdc,Reinstated (confirmed),MARYLAND DEPARTMENT OF HEALTH,MD,BALTIMORE,Health Department,ASST_NON_NH75OT000077_075,MARYLAND DEPARTMENT OF HEALTH,J5L2LBJK8RB8,,,Government|U.S. Regional/State Government,201 W. PRESTON STREET,BALTIMORE,MD,USA,21201,BALTIMORE (CITY),07,2025-08-31,,,,,,,GOV,0,0,government-entity
NH75OT000078,cdc,Reinstated (confirmed),MICHIGAN DEPARTMENT OF HEALTH AND HUMAN SERVICES,MI,LANSING,Health Department,ASST_NON_NH75OT000078_075,MICHIGAN DEPARTMENT OF HEALTH AND HUMAN SERVICES,C2AQVDYYUAS7,,,Government|U.S. Regional/State Government,235 S GRAND AVE,LANSING,MI,USA,48933,INGHAM,07,2025-09-30,,,,,,,GOV,0,0,government-entity
NH75OT000079,cdc,Reinstated (confirmed),"HEALTH, NEW JERSEY DEPARTMENT OF",NJ,TRENTON,Health Department,ASST_NON_NH75OT000079_075,"HEALTH, NEW JERSEY DEPARTMENT OF",MQKPEU6D1BT5,,,Government|U.S. Regional/State Government,55 N WILLOW ST,TRENTON,NJ,USA,08608,MERCER,12,2025-05-31,,,,,,,GOV,0,0,government-entity
NH75OT000082,cdc,At-risk,CHICAGO DEPARTMENT OF PUBLIC HEALTH,IL,CHICAGO,Health Department,ASST_NON_NH75OT000082_075,CHICAGO DEPARTMENT OF PUBLIC HEALTH,K8F7VYLKGN64,,CITY OF CHICAGO,Government|U.S. Local Government,111 WEST WASHINGTON STREET,CHICAGO,IL,USA,60602,COOK,07,2026-05-31,,,,,,,GOV,0,0,government-entity
NH75OT000084,cdc,Reinstated (confirmed),COUNTY OF SACRAMENTO,CA,SACRAMENTO,Health Department,ASST_NON_NH75OT000084_075,COUNTY OF SACRAMENTO,YZL9FJW2J5H6,,COUNTY OF SACRAMENTO,Government|U.S. Local Government,7001A EAST PKWY,SACRAMENTO,CA,USA,95823,SACRAMENTO,07,2026-05-31,,,,,,,GOV,0,0,government-entity
NH75OT000088,cdc,Reinstated (confirmed),EXECUTIVE OFFICE OF THE GOVERNOR OF DELAWARE,DE,DOVER,Health Department,ASST_NON_NH75OT000088_075,EXECUTIVE OFFICE OF THE GOVERNOR OF DELAWARE,GKQPH6J32LN7,,,Government|U.S. Regional/State Government,417 FEDERAL ST STE 1,DOVER,DE,USA,19901,KENT,00,2026-05-31,,,,,,,GOV,0,0,government-entity
NH75OT000094,cdc,Reinstated (confirmed),State of New Mexico,NM,Santa Fe,Health Department,ASST_NON_NH75OT000094_075,STATE OF NEW MEXICO,E7TEBXBL17P5,,,Government|U.S. Regional/State Government,1190 S SAINT FRANCIS DR # 3152,SANTA FE,NM,USA,87505,SANTA FE,03,2026-05-31,,,,,,,GOV,0,0,government-entity
NH75OT000098,cdc,Reinstated (confirmed),PENNSYLVANIA DEPARTMENT OF HEALTH,PA,HARRISBURG,Health Department,ASST_NON_NH75OT000098_075,PENNSYLVANIA DEPARTMENT OF HEALTH,JYYWJ2QYHQP5,TN75GJE1S7G3,COMMONWEALTH OF PENNSYLVANIA,Government|U.S. Regional/State Government,625 FORSTER ST,HARRISBURG,PA,USA,17120,DAUPHIN,10,2025-12-31,,,,,,,GOV,0,0,government-entity
NU50CK000497,cdc,Reinstated (confirmed),EXECUTIVE OFFICE OF THE GOVERNOR OF DELAWARE,DE,DOVER,Health Department,ASST_NON_NU50CK000497_075,EXECUTIVE OFFICE OF THE GOVERNOR OF DELAWARE,GKQPH6J32LN7,,,Government|U.S. Regional/State Government,417 FEDERAL ST STE 1,DOVER,DE,USA,19901,KENT,00,2027-07-31,,,,,,,GOV,0,0,government-entity
NU50CK000498,cdc,Reinstated (confirmed),COUNTY OF LOS ANGELES,CA,COMMERCE,Health Department,ASST_NON_NU50CK000498_075,COUNTY OF LOS ANGELES,DN3NGS58SMT9,,COUNTY OF LOS ANGELES,Government|U.S. Regional/State Government,5555 FERGUSON DR STE 100-50,LOS ANGELES,CA,USA,90022,LOS ANGELES,42,2027-07-31,,,,,,,GOV,0,0,government-entity
NU50CK000502,cdc,Reinstated (confirmed),"DISTRICT OF COLUMBIA, GOVERNMENT OF",DC,WASHINGTON,Health Department,ASST_NON_NU50CK000502_075,"DISTRICT OF COLUMBIA, GOVERNMENT OF",XUYTN6MMLKE3,,,Government|U.S. Regional/State Government,2201 SHANNON PL SE,WASHINGTON,DC,USA,20020,DISTRICT OF COLUMBIA,98,2027-07-31,,,,,,,GOV,0,0,government-entity
NU50CK000505,cdc,Reinstated (confirmed),HEALTH SERVICES KENTUCKY CABINET FOR,KY,FRANKFORT,Health Department,ASST_NON_NU50CK000505_075,HEALTH SERVICES KENTUCKY CABINET FOR,LECJQDCLHVE5,,,Government|U.S. Regional/State Government,275 E MAIN ST,FRANKFORT,KY,USA,40601,FRANKLIN,01,2027-07-31,,,,,,,GOV,0,0,government-entity
NU50CK000506,cdc,Reinstated (confirmed),MARYLAND DEPARTMENT OF HEALTH,MD,BALTIMORE,Health Department,ASST_NON_NU50CK000506_075,MARYLAND DEPARTMENT OF HEALTH,Q4YJNDPS53E6,,,Government|U.S. Regional/State Government,201 W PRESTON ST FL 3,BALTIMORE,MD,USA,21201,BALTIMORE (CITY),07,2027-07-31,,,,,,,GOV,0,0,government-entity
NU50CK000508,cdc,Reinstated (confirmed),MINNESOTA DEPARTMENT OF HEALTH,MN,SAINT PAUL,Health Department,ASST_NON_NU50CK000508_075,MINNESOTA DEPARTMENT OF HEALTH,DHQVY2WCVHC5,Z9Z1N8F2JFC1,STATE OF MINNESOTA,Government|U.S. Regional/State Government,625 ROBERT ST N,SAINT PAUL,MN,USA,55155,RAMSEY,04,2027-07-31,,,,,,,GOV,0,0,government-entity
NU50CK000510,cdc,Reinstated (confirmed),MICHIGAN DEPARTMENT OF HEALTH AND HUMAN SERVICES,MI,LANSING,Health Department,ASST_NON_NU50CK000510_075,MICHIGAN DEPARTMENT OF HEALTH AND HUMAN SERVICES,C2AQVDYYUAS7,,,Government|U.S. Regional/State Government,235 S GRAND AVE,LANSING,MI,USA,48933,INGHAM,07,2027-07-31,,,,,,,GOV,0,0,government-entity
NU50CK000511,cdc,Reinstated (confirmed),ARIZONA DEPARTMENT OF HEALTH SERVICES,AZ,PHOENIX,Health Department,ASST_NON_NU50CK000511_075,ARIZONA DEPARTMENT OF HEALTH SERVICES,QMWUG1AMYF65,,,Government|U.S. Regional/State Government,150 N 18TH AVE STE 530,PHOENIX,AZ,USA,85007,MARICOPA,03,2027-07-31,,,,,,,GOV,0,0,government-entity
NU50CK000515,cdc,Reinstated (confirmed),"HEALTH, WASHINGTON STATE DEPARTMENT OF",WA,TUMWATER,Health Department,ASST_NON_NU50CK000515_075,"HEALTH, WASHINGTON STATE DEPARTMENT OF",C16SP2HBR123,,,Government|U.S. Regional/State Government,101 ISRAEL RD SE,OLYMPIA,WA,USA,98501,THURSTON,10,2027-07-31,,,,,,,GOV,0,0,government-entity
NU50CK000516,cdc,Reinstated (confirmed),"HEALTH RESEARCH, INC.",NY,MENANDS,Health Department,ASST_NON_NU50CK000516_075,"HEALTH RESEARCH, INC.",G9H6SUM59YC4,,"HEALTH RESEARCH, INC.",Government|U.S. Regional/State Government,"150 BROADWAY, SUITE 280",ALBANY,NY,USA,12204,ALBANY,20,2027-07-31,,,,,,,GOV,0,0,government-entity
NU50CK000517,cdc,Reinstated (confirmed),CITY OF NEW YORK,NY,LONG ISLAND CITY,Health Department,ASST_NON_NU50CK000517_075,CITY OF NEW YORK,XKJ3F8WKV2L3,,CITY OF NEW YORK,Government|U.S. Regional/State Government,4209 28TH ST,LONG ISLAND CITY,NY,USA,11101,QUEENS,07,2027-07-31,,,,,,,GOV,0,0,government-entity
NU50CK000518,cdc,Reinstated (confirmed),"PUBLIC HEALTH, MASSACHUSETTS DEPARTMENT OF",MA,BOSTON,Health Department,ASST_NON_NU50CK000518_075,"PUBLIC HEALTH, MASSACHUSETTS DEPARTMENT OF",DLKMR1QVDX34,,,Government|U.S. Regional/State Government,250 WASHINGTON ST,BOSTON,MA,USA,02108,SUFFOLK,08,2027-07-31,,,,,,,GOV,0,0,government-entity
NU50CK000519,cdc,Reinstated (confirmed),STATE OF RHODE ISLAND DEPARTMENT OF HEALTH,RI,Providence,Health Department,ASST_NON_NU50CK000519_075,STATE OF RHODE ISLAND DEPARTMENT OF HEALTH,NERYUGQ8XNB1,NSA8T7PLC9K3,STATE OF RHODE ISLAND,Government|U.S. Regional/State Government,3 CAPITOL HL,PROVIDENCE,RI,USA,02908,PROVIDENCE,01,2027-07-31,,,,,,,GOV,0,0,government-entity
NU50CK000521,cdc,Reinstated (confirmed),CITY OF PHILADELPHIA,PA,Philadelphia,Health Department,ASST_NON_NU50CK000521_075,CITY OF PHILADELPHIA,NVHLFCAN68G9,,CITY OF PHILADELPHIA,Government|U.S. Regional/State Government,1101 MARKET ST FL 12,PHILADELPHIA,PA,USA,19107,PHILADELPHIA,02,2027-07-31,,,,,,,GOV,0,0,government-entity
NU50CK000523,cdc,Reinstated (confirmed),"Health And Human Services, Maine Department Of",ME,AUGUSTA,Welfare Department,ASST_NON_NU50CK000523_075,"HEALTH AND HUMAN SERVICES, MAINE DEPARTMENT OF",GJEPWTMKF5A3,,,,11 STATE HOUSE STA,AUGUSTA,ME,USA,04333,KENNEBEC,02,2027-07-31,,,,,,,GOV,0,0,government-entity
NU50CK000524,cdc,Reinstated (confirmed),DEPARTMENT OF PUBLIC HEALTH CONNECTICUT,CT,HARTFORD,Health Department,ASST_NON_NU50CK000524_075,DEPARTMENT OF PUBLIC HEALTH CONNECTICUT,RFZKKT5RU3F8,DJD3ZBJ1HNL7,CONSUMER PROTECTION CONNECTICUT DEPARTMENT,,410 CAPITOL AVE,HARTFORD,CT,USA,06106,CAPITOL,01,2027-07-31,,,,,,,GOV,0,0,government-entity
NU50CK000525,cdc,Reinstated (confirmed),"HEALTH, NEW JERSEY DEPARTMENT OF",NJ,Trenton,Health Department,ASST_NON_NU50CK000525_075,"HEALTH, NEW JERSEY DEPARTMENT OF",MQKPEU6D1BT5,,,,PO BOX 369,TRENTON,NJ,USA,08625,MERCER,03,2027-07-31,,,,,,,GOV,0,0,government-entity
NU50CK000527,cdc,Reinstated (confirmed),PENNSYLVANIA DEPARTMENT OF HEALTH,PA,HARRISBURG,Health Department,ASST_NON_NU50CK000527_075,PENNSYLVANIA DEPARTMENT OF HEALTH,JYYWJ2QYHQP5,TN75GJE1S7G3,COMMONWEALTH OF PENNSYLVANIA,,625 FORSTER ST,HARRISBURG,PA,USA,17120,DAUPHIN,10,2027-07-31,,,,,,,GOV,0,0,government-entity
NU50CK000530,cdc,Reinstated (confirmed),NORTH CAROLINA DEPARTMENT OF HEALTH & HUMAN SERVICES,NC,RALEIGH,Welfare Department,ASST_NON_NU50CK000530_075,NORTH CAROLINA DEPARTMENT OF HEALTH & HUMAN SERVICES,DKT3LLBWFVL3,,,Government|U.S. Regional/State Government,1915 HEALTH SERVICES WAY,RALEIGH,NC,USA,27607,WAKE,02,2027-07-31,,,,,,,GOV,0,0,government-entity
NU50CK000534,cdc,Reinstated (confirmed),STATE OF WISCONSIN DEPARTMENT OF HEALTH SERVICES,WI,Madison,Other Social Services Organization,ASST_NON_NU50CK000534_075,STATE OF WISCONSIN DEPARTMENT OF HEALTH SERVICES,CG2SZ7HCNV54,,,,201 E WASHINGTON AVE,MADISON,WI,USA,53703,DANE,02,2027-07-31,,,,,,,GOV,0,0,government-entity
NU50CK000539,cdc,Reinstated (confirmed),"PUBLIC HEALTH FOUNDATION ENTERPRISES, INC.",CA,CITY OF INDUSTRY,"Research Institution, Foundation and Laboratory",ASST_NON_NU50CK000539_075,"PUBLIC HEALTH FOUNDATION ENTERPRISES, INC.",L4EEW9SQX2F6,,,Government|U.S. Regional/State Government,13300 CROSSROADS PKWY N,LA PUENTE,CA,USA,91746,LOS ANGELES,31,2027-07-31,,,,,,,GOV,0,0,government-entity
NU50CK000541,cdc,Reinstated (confirmed),OREGON HEALTH AUTHORITY,OR,SALEM,Health Department,ASST_NON_NU50CK000541_075,OREGON HEALTH AUTHORITY-PUBLIC HEALTH,HFJRBHKCBPR5,,,Government|U.S. Regional/State Government,500 SUMMER ST NE # E-82,SALEM,OR,USA,97301,MARION,06,2027-07-31,,,,,,,GOV,0,0,government-entity
NU50CK000548,cdc,Reinstated (confirmed),State of New Mexico,NM,Santa Fe,Health Department,ASST_NON_NU50CK000548_075,STATE OF NEW MEXICO,E7TEBXBL17P5,,,,1190 S SAINT FRANCIS DR # 3152,SANTA FE,NM,USA,87505,SANTA FE,03,2027-07-31,,,,,,,GOV,0,0,government-entity
NU50CK000552,cdc,Reinstated (confirmed),COLORADO DEPARTMENT OF PUBLIC HEALTH & ENVIRONMENT,CO,DENVER,Health Department,ASST_NON_NU50CK000552_075,COLORADO DEPARTMENT OF PUBLIC HEALTH & ENVIRONMENT,Y3WEW9MQ6NH5,,,Government|U.S. Regional/State Government,4300 CHERRY CREEK DR S,DENVER,CO,USA,80246,ARAPAHOE,01,2027-07-31,,,,,,,GOV,0,0,government-entity
NU50CK000553,cdc,Reinstated (confirmed),HAWAII DEPARTMENT OF HEALTH,HI,HONOLULU,Health Department,ASST_NON_NU50CK000553_075,HAWAII DEPARTMENT OF HEALTH,LFVFLBD6XZB5,,,Government|U.S. Regional/State Government,1250 PUNCHBOWL ST,HONOLULU,HI,USA,96813,HONOLULU,01,2027-07-31,,,,,,,GOV,0,0,government-entity
NU50CK000556,cdc,Reinstated (confirmed),CHICAGO DEPARTMENT OF PUBLIC HEALTH,IL,CHICAGO,Health Department,ASST_NON_NU50CK000556_075,CHICAGO DEPARTMENT OF PUBLIC HEALTH,K8F7VYLKGN64,,CITY OF CHICAGO,Government|U.S. Regional/State Government,111 WEST WASHINGTON STREET,CHICAGO,IL,USA,60602,COOK,07,2027-07-31,,,,,,,GOV,0,0,government-entity
NU50CK000559,cdc,Reinstated (confirmed),DEPARTMENT OF PUBLIC HEALTH ILLINOIS,IL,SPRINGFIELD,Health Department,ASST_NON_NU50CK000559_075,DEPARTMENT OF PUBLIC HEALTH ILLINOIS,NN66PR7QMLR8,GQ46SB5L2HK4,STATE OF ILLINOIS,Government|U.S. Regional/State Government,525 W JEFFERSON ST,SPRINGFIELD,IL,USA,62702,SANGAMON,13,2027-07-31,,,,,,,GOV,0,0,government-entity
NU50CK000560,cdc,Reinstated (confirmed),NEVADA DEPARTMENT OF HEALTH AND HUMAN SERVICES,NV,CARSON CITY,Welfare Department,ASST_NON_NU50CK000560_075,NEVADA DEPARTMENT OF HEALTH AND HUMAN SERVICES,F99FYNEGXSH9,,,Government|U.S. Regional/State Government,4150 TECHNOLOGY WAY,CARSON CITY,NV,USA,89706,CARSON CITY (CITY),02,2027-07-31,,,,,,,GOV,0,0,government-entity
NU58DP006988,cdc,Reinstated (confirmed),"HEALTH, NEW JERSEY DEPARTMENT OF",NJ,TRENTON,Health Department,ASST_NON_NU58DP006988_075,"HEALTH, NEW JERSEY DEPARTMENT OF",MQKPEU6D1BT5,,,Government|U.S. Regional/State Government,55 N WILLOW ST,TRENTON,NJ,USA,08608,MERCER,12,2025-08-30,,,,,,,GOV,0,0,government-entity
NU58DP006992,cdc,Reinstated (confirmed),ARIZONA HEALTH CARE COST CONTAINMENT SYSTEM,AZ,PHOENIX,Other Health Organization,ASST_NON_NU58DP006992_075,ARIZONA HEALTH CARE COST CONTAINMENT SYSTEM,LJGVPF5ULHJ3,LJGVPF5ULHJ3,ARIZONA HEALTH CARE COST CONTAINMENT SYSTEM,Government|U.S. Regional/State Government,801 E JEFFERSON ST,PHOENIX,AZ,USA,85034,MARICOPA,03,2025-08-30,,,,,,,GOV,0,0,government-entity
NU58DP006993,cdc,Reinstated (confirmed),COOK COUNTY HEALTH BUREAU,IL,CHICAGO,Planning & Administrative Organizations,ASST_NON_NU58DP006993_075,COOK COUNTY HEALTH BUREAU,JHMSN8C8KJ58,JHMSN8C8KJ58,COOK COUNTY HEALTH BUREAU,Government|U.S. Local Government,1950 W POLK ST,CHICAGO,IL,USA,60612,COOK,07,2025-08-30,,,,,,,GOV,0,0,government-entity
NU58DP006995,cdc,Reinstated (confirmed),HEALTH SERVICES KENTUCKY CABINET FOR,KY,FRANKFORT,Health Department,ASST_NON_NU58DP006995_075,HEALTH SERVICES KENTUCKY CABINET FOR,LECJQDCLHVE5,,,Government|U.S. Regional/State Government,275 E MAIN ST,FRANKFORT,KY,USA,40601,FRANKLIN,01,2025-08-30,,,,,,,GOV,0,0,government-entity
NU58DP006997,cdc,Reinstated (confirmed),"TULARE, COUNTY OF",CA,VISALIA,Welfare Department,ASST_NON_NU58DP006997_075,"TULARE, COUNTY OF",HK25DU2UJM71,,COUNTY OF TULARE,Government|U.S. Local Government,5957 S MOONEY BLVD,VISALIA,CA,USA,93277,TULARE,20,2025-08-30,,,,,,,GOV,0,0,government-entity
NU58DP007000,cdc,Reinstated (confirmed),ATLANTIC COUNTY,NJ,ATLANTIC CITY,Other Health Organization,ASST_NON_NU58DP007000_075,ATLANTIC COUNTY,ND41MY5HN8U5,,,Government|U.S. Local Government,1333 ATLANTIC AVE,ATLANTIC CITY,NJ,USA,08401,ATLANTIC,02,2025-08-30,,,,,,,GOV,0,0,government-entity
NU58DP007003,cdc,Reinstated (confirmed),PUBLIC HEALTH AUTHORITY OF CABARRUS COUNTY,NC,Kannapolis,Other Health Organization,ASST_NON_NU58DP007003_075,PUBLIC HEALTH AUTHORITY OF CABARRUS COUNTY,RXDXNEJKJFU7,,,Government|U.S. Local Government,300 MOORESVILLE RD,KANNAPOLIS,NC,USA,28081,CABARRUS,08,2025-08-30,,,,,,,GOV,0,0,government-entity
NU58DP007004,cdc,Reinstated (confirmed),COUNTY OF SAN JOAQUIN,CA,STOCKTON,Welfare Department,ASST_NON_NU58DP007004_075,COUNTY OF SAN JOAQUIN,MKMGP2C1C2V7,,,Government|U.S. Local Government,44 N SAN JOAQUIN ST,STOCKTON,CA,USA,95202,SAN JOAQUIN,09,2025-08-30,,,,,,,GOV,0,0,government-entity
NU58DP007011,cdc,Reinstated (confirmed),Tuba City Regional Health Care Corporation,AZ,TUBA CITY,Hospital,ASST_NON_NU58DP007011_075,TUBA CITY REGIONAL HEALTH CARE CORPORATION,SN79KL2LYXM5,,,Government|U.S. Local Government,167 N MAIN ST,TUBA CITY,AZ,USA,86045,COCONINO,02,2025-08-30,,,,,,,GOV,0,0,government-entity
NU58DP007012,cdc,Reinstated (confirmed),STATE OF WISCONSIN DEPARTMENT OF HEALTH SERVICES,WI,Madison,Rehabilitation Organization ( Other Than Criminal ),ASST_NON_NU58DP007012_075,STATE OF WISCONSIN DEPARTMENT OF HEALTH SERVICES,CG2SZ7HCNV54,,,Government|U.S. Regional/State Government,201 E WASHINGTON AVE,MADISON,WI,USA,53703,DANE,02,2025-08-30,,,,,,,GOV,0,0,government-entity
NU58DP007013,cdc,Reinstated (confirmed),Boston Public Health Commission,MA,BOSTON,Other Health Organization,ASST_NON_NU58DP007013_075,BOSTON PUBLIC HEALTH COMMISSION,EHHGWYELR4R3,,,Government|U.S. Local Government,1010 MASSACHUSETTS AVE FL 2,BOSTON,MA,USA,02118,SUFFOLK,07,2025-08-30,,,,,,,GOV,0,0,government-entity
NU58DP007015,cdc,Reinstated (confirmed),STATE OF RHODE ISLAND DEPARTMENT OF HEALTH,RI,Providence,Health Department,ASST_NON_NU58DP007015_075,STATE OF RHODE ISLAND DEPARTMENT OF HEALTH,NERYUGQ8XNB1,NSA8T7PLC9K3,STATE OF RHODE ISLAND,Government|U.S. Regional/State Government,3 CAPITOL HL,PROVIDENCE,RI,USA,02908,PROVIDENCE,01,2025-08-30,,,,,,,GOV,0,0,government-entity
NU58DP007016,cdc,Reinstated (confirmed),HAWAII DEPARTMENT OF HEALTH,HI,HONOLULU,Health Department,ASST_NON_NU58DP007016_075,HAWAII DEPARTMENT OF HEALTH,LFVFLBD6XZB5,,,Government|U.S. Regional/State Government,1250 PUNCHBOWL ST,HONOLULU,HI,USA,96813,HONOLULU,01,2025-08-30,,,,,,,GOV,0,0,government-entity
NU58DP007017,cdc,Reinstated (confirmed),"PUBLIC HEALTH, MASSACHUSETTS DEPARTMENT OF",MA,BOSTON,Health Department,ASST_NON_NU58DP007017_075,"PUBLIC HEALTH, MASSACHUSETTS DEPARTMENT OF",DLKMR1QVDX34,,,Government|U.S. Regional/State Government,250 WASHINGTON ST,BOSTON,MA,USA,02108,SUFFOLK,08,2025-08-30,,,,,,,GOV,0,0,government-entity
NU58DP007023,cdc,Reinstated (confirmed),"HEALTH, WASHINGTON STATE DEPARTMENT OF",WA,TUMWATER,Health Department,ASST_NON_NU58DP007023_075,"HEALTH, WASHINGTON STATE DEPARTMENT OF",C16SP2HBR123,,,Government|U.S. Regional/State Government,101 ISRAEL RD SE,OLYMPIA,WA,USA,98501,THURSTON,10,2025-08-30,,,,,,,GOV,0,0,government-entity
NU58DP007035,cdc,Reinstated (confirmed),"HEALTH, WASHINGTON STATE DEPARTMENT OF",WA,TUMWATER,Other Health Organization,ASST_NON_NU58DP007035_075,"HEALTH, WASHINGTON STATE DEPARTMENT OF",C16SP2HBR123,,,Government|U.S. Regional/State Government,101 ISRAEL RD SE,OLYMPIA,WA,USA,98501,THURSTON,10,2025-08-30,,,,,,,GOV,0,0,government-entity
NU58DP007039,cdc,Reinstated (confirmed),MARYLAND DEPARTMENT OF HEALTH,MD,BALTIMORE,Health Department,ASST_NON_NU58DP007039_075,MARYLAND DEPARTMENT OF HEALTH,J5L2LBJK8RB8,,,Government|U.S. Regional/State Government,201 W. PRESTON STREET,BALTIMORE,MD,USA,21201,BALTIMORE (CITY),07,2025-08-30,,,,,,,GOV,0,0,government-entity
NU58DP007045,cdc,Reinstated (confirmed),KING COUNTY,WA,SEATTLE,Health Department,ASST_NON_NU58DP007045_075,KING COUNTY,TS2LXAN2W8A8,,,Government|U.S. Local Government,401 5TH AVE,SEATTLE,WA,USA,98104,KING,09,2025-08-30,,,,,,,GOV,0,0,government-entity
NU58DP007048,cdc,Reinstated (confirmed),STATE OF NORTH CAROLINA DEPARTMENT OF HEALTH & HUMAN SERVICES,NC,RALEIGH,Welfare Department,ASST_NON_NU58DP007048_075,NORTH CAROLINA DEPARTMENT OF HEALTH & HUMAN SERVICES,DKT3LLBWFVL3,,,Government|U.S. Regional/State Government,101 BLAIR DR,RALEIGH,NC,USA,27603,WAKE,02,2025-08-30,,,,,,,GOV,0,0,government-entity
NU58DP007049,cdc,Reinstated (confirmed),EXECUTIVE OFFICE OF THE GOVERNOR OF DELAWARE,DE,DOVER,Health Department,ASST_NON_NU58DP007049_075,EXECUTIVE OFFICE OF THE GOVERNOR OF DELAWARE,GKQPH6J32LN7,,,Government|U.S. Regional/State Government,417 FEDERAL ST STE 1,DOVER,DE,USA,19901,KENT,00,2025-08-30,,,,,,,GOV,0,0,government-entity
NU58DP007051,cdc,Reinstated (confirmed),"YUMA, COUNTY OF",AZ,YUMA,Health Department,ASST_NON_NU58DP007051_075,"YUMA, COUNTY OF",ELEWY4GC2FL9,,,Government|U.S. Local Government,198 SOUTH MAIN STREET,YUMA,AZ,USA,85364,YUMA,07,2025-08-30,,,,,,,GOV,0,0,government-entity
NU58DP007081,cdc,Reinstated (confirmed),"Health And Human Services, Maine Department Of",ME,AUGUSTA,Welfare Department,ASST_NON_NU58DP007081_075,"HEALTH AND HUMAN SERVICES, MAINE DEPARTMENT OF",GJEPWTMKF5A3,,,Government|U.S. Regional/State Government,11 STATE HOUSE STA,AUGUSTA,ME,USA,04333,KENNEBEC,02,2025-08-30,,,,,,,GOV,0,0,government-entity
NU58DP007270,cdc,Reinstated (confirmed),CHICAGO DEPARTMENT OF PUBLIC HEALTH,IL,CHICAGO,Health Department,ASST_NON_NU58DP007270_075,CHICAGO DEPARTMENT OF PUBLIC HEALTH,K8F7VYLKGN64,,CITY OF CHICAGO,Government|U.S. Local Government,111 WEST WASHINGTON STREET,CHICAGO,IL,USA,60602,COOK,07,2025-08-30,,,,,,,GOV,0,0,government-entity
NH23IP922574,cdc,Terminated,State of Montana Department of Health and Human Services,MT,Helena,Health Department,ASST_NON_NH23IP922574_075,STATE OF MONTANA DEPARTMENT OF HEALTH AND HUMAN SERVICES,TR3DAXR9MCN8,TR3DAXR9MCN8,STATE OF MONTANA DEPARTMENT OF HEALTH AND HUMAN SERVICES,Government|U.S. Regional/State Government,111 N SANDERS ST,HELENA,MT,USA,59601,LEWIS AND CLARK,02,2025-06-30,,,,,,,GOV,0,0,government-entity
NH23IP922575,cdc,Terminated,OKLAHOMA STATE DEPARTMENT OF HEALTH,OK,OKLAHOMA CITY,Health Department,ASST_NON_NH23IP922575_075,OKLAHOMA STATE DEPARTMENT OF HEALTH,LFU8Z8MPLTG3,QARFCMD719K4,OKLAHOMA STATE DEPARTMENT OF HEALTH,Government|U.S. Regional/State Government,123 ROBERT S KERR AVE,OKLAHOMA CITY,OK,USA,73102,OKLAHOMA,05,2025-06-30,,,,,,,GOV,0,0,government-entity
NH23IP922576,cdc,Terminated,PALAU MINISTRY OF HEALTH,PW,KOROR,Health Department,ASST_NON_NH23IP922576_075,PALAU MINISTRY OF HEALTH,XBK8DJ4UV3D3,,,Government|U.S. Regional/State Government,1 HOSPITAL RD,KOROR,PW,USA,96940,,99,2025-06-30,,,,,,,GOV,0,0,government-entity
NH23IP922577,cdc,Terminated,DEPARTMENT OF HEALTH WYOMING,WY,CHEYENNE,Health Department,ASST_NON_NH23IP922577_075,DEPARTMENT OF HEALTH WYOMING,JP1QRJYYJG73,,,Government|U.S. Regional/State Government,2300 CAPITOL AVE,CHEYENNE,WY,USA,82001,LARAMIE,00,2025-06-30,,,,,,,GOV,0,0,government-entity
NH23IP922578,cdc,Terminated,STATE OF GEORGIA DEPARTMENT OF PUBLIC HEALTH,GA,ATLANTA,Health Department,ASST_NON_NH23IP922578_075,STATE OF GEORGIA DEPARTMENT OF PUBLIC HEALTH,GUT1BFELPFJ1,,,Government|U.S. Regional/State Government,"200 PIEDMONT AVENUE, SE WEST TOWER",ATLANTA,GA,USA,30334,FULTON,05,2025-06-30,,,,,,,GOV,0,0,government-entity
NH23IP922579,cdc,Terminated,ARKANSAS DEPARTMENT OF HEALTH,AR,LITTLE ROCK,Health Department,ASST_NON_NH23IP922579_075,ARKANSAS DEPARTMENT OF HEALTH,SYB9UJV328L9,,,Government|U.S. Regional/State Government,4815 W MARKHAM ST,LITTLE ROCK,AR,USA,72205,PULASKI,02,2025-06-30,,,,,,,GOV,0,0,government-entity
NH23IP922580,cdc,Terminated,UTAH DEPARTMENT OF HEALTH AND HUMAN SERVICES,UT,SALT LAKE CITY,Health Department,ASST_NON_NH23IP922580_075,UTAH DEPARTMENT OF HEALTH AND HUMAN SERVICES,C172TQML5G99,,,Government|U.S. Regional/State Government,195 N 1950 W,SALT LAKE CITY,UT,USA,84116,SALT LAKE,02,2025-06-30,,,,,,,GOV,0,0,government-entity
NH23IP922581,cdc,Terminated,SOUTH DAKOTA DEPARTMENT OF HEALTH,SD,PIERRE,Health Department,ASST_NON_NH23IP922581_075,SOUTH DAKOTA DEPARTMENT OF HEALTH,J84PKUEWQ6Y5,UB23ZUH97ET3,STATE OF SOUTH DAKOTA-DIVISION OF OASI,Government|U.S. Regional/State Government,600 E CAPITOL AVE,PIERRE,SD,USA,57501,HUGHES,00,2025-06-30,,,,,,,GOV,0,0,government-entity
NH23IP922582,cdc,Terminated,ALABAMA DEPARTMENT OF HEALTH,AL,MONTGOMERY,Health Department,ASST_NON_NH23IP922582_075,ALABAMA DEPARTMENT OF HEALTH,WDVJK7FUB8A6,WDVJK7FUB8A6,ALABAMA DEPARTMENT OF HEALTH,Government|U.S. Regional/State Government,201 MONROE ST,MONTGOMERY,AL,USA,36104,MONTGOMERY,02,2025-06-30,,,,,,,GOV,0,0,government-entity
NH23IP922584,cdc,Terminated,CITY OF SAN ANTONIO,TX,SAN ANTONIO,Other Health Organization,ASST_NON_NH23IP922584_075,CITY OF SAN ANTONIO,LC5QCFLLCDJ4,,CITY OF SAN ANTONIO,Government|U.S. Regional/State Government,100 W HOUSTON ST FL 8,SAN ANTONIO,TX,USA,78205,BEXAR,35,2025-06-30,,,,,,,GOV,0,0,government-entity
NH23IP922585,cdc,Terminated,VIRGIN ISLANDS DEPARTMENT OF HEALTH,VI,ST THOMAS,Health Department,ASST_NON_NH23IP922585_075,VIRGIN ISLANDS DEPARTMENT OF HEALTH,HC9KX4GNNPK6,,,Government|U.S. Regional/State Government,1303 HOSPITAL GROUND STE 10,ST THOMAS,VI,USA,00802,ST. THOMAS,98,2025-06-30,,,,,,,GOV,0,0,government-entity
NH23IP922586,cdc,Terminated,"Health And Human Resources, West Virginia Department Of",WV,CHARLESTON,Health Department,ASST_NON_NH23IP922586_075,"HEALTH AND HUMAN RESOURCES, WEST VIRGINIA DEPARTMENT OF",YZ2HCE5SELE6,,STATE OF WEST VIRGINIA,Government|U.S. Regional/State Government,350 CAPITOL ST RM 702,CHARLESTON,WV,USA,25301,KANAWHA,01,2025-06-30,,,,,,,GOV,0,0,government-entity
NH23IP922587,cdc,Terminated,COMMONWEALTH HEALTHCARE CORPORATION,MP,SAIPAN,Indian Tribal Council,ASST_NON_NH23IP922587_075,COMMONWEALTH HEALTHCARE CORPORATION,J9ANMNJ3QJM6,,,Government|U.S. Regional/State Government,1178 HINEMLU' ST,SAIPAN,MP,USA,96950,SAIPAN,98,2025-06-30,,,,,,,GOV,0,0,government-entity
NH23IP922588,cdc,Terminated,MINISTRY OF HEALTH IN THE REPU BLIC OF THE MARSHALL ISLANDS,MH,MAJURO,Health Department,ASST_NON_NH23IP922588_075,MINISTRY OF HEALTH IN THE REPU BLIC OF THE MARSHALL ISLANDS,SD96AMWETGC8,,,Government|U.S. Regional/State Government,DELAP IN CAPITAL CITY OF M,MAJURO,MH,USA,96960,,99,2025-06-30,,,,,,,GOV,0,0,government-entity
NH23IP922589,cdc,Terminated,NEBRASKA DEPARTMENT OF HEALTH & HUMAN SERVICES,NE,LINCOLN,Welfare Department,ASST_NON_NH23IP922589_075,NEBRASKA DEPARTMENT OF HEALTH & HUMAN SERVICES,HKQDEXRXGKL1,,,Government|U.S. Regional/State Government,301 CENTENNIAL MALL S,LINCOLN,NE,USA,68508,LANCASTER,01,2025-06-30,,,,,,,GOV,0,0,government-entity
NH23IP922591,cdc,Terminated,DEPARTMENT OF HEALTH,AS,PAGO PAGO,Health Department,ASST_NON_NH23IP922591_075,DEPARTMENT OF HEALTH,JWV8MLNBAGC9,JWV8MLNBAGC9,DEPARTMENT OF HEALTH,Government|U.S. Regional/State Government,ONE FAGAALU ROAD,PAGO PAGO,AS,USA,96799,WESTERN,98,2025-06-30,,,,,,,GOV,0,0,government-entity
NH23IP922592,cdc,Terminated,STATE OF ALASKA DEPARTMENT OF HEALTH,AK,JUNEAU,Other Social Services Organization,ASST_NON_NH23IP922592_075,STATE OF ALASKA DEPARTMENT OF HEALTH,LNQNF7PKBV13,,,Government|U.S. Regional/State Government,350 MAIN ST # 214,JUNEAU,AK,USA,99801,JUNEAU,00,2025-06-30,,,,,,,GOV,0,0,government-entity
NH23IP922593,cdc,Terminated,FSM DEPARATMENT OF HEALTH AND SOCIAL AFFAIRS,FM,Pohnpei,Health Department,ASST_NON_NH23IP922593_075,FSM DEPARATMENT OF HEALTH AND SOCIAL AFFAIRS,SPWNPA2VM2Z5,,,Government|U.S. Regional/State Government,MOGITHIN BUILDING PALIKIR STATION,POHNPEI,FM,USA,96941,,99,2025-06-30,,,,,,,GOV,0,0,government-entity
NH23IP922595,cdc,Terminated,NEW HAMPSHIRE DEPARTMENT OF HEALTH & HUMAN SERVICES,NH,CONCORD,Health Department,ASST_NON_NH23IP922595_075,NEW HAMPSHIRE DEPARTMENT OF HEALTH & HUMAN SERVICES,LA2HR1U97VC6,,,Government|U.S. Regional/State Government,129 PLEASANT ST,CONCORD,NH,USA,03301,MERRIMACK,02,2025-06-30,,,,,,,GOV,0,0,government-entity
NH23IP922597,cdc,Terminated,CITY OF HOUSTON,TX,HOUSTON,Health Department,ASST_NON_NH23IP922597_075,CITY OF HOUSTON,GULQZBMP2SR3,,CITY OF HOUSTON,Government|U.S. Regional/State Government,8000 N STADIUM DR,HOUSTON,TX,USA,77054,HARRIS,09,2025-06-30,,,,,,,GOV,0,0,government-entity
NH23IP922601,cdc,Terminated,SOUTH CAROLINA DEPARTMENT OF PUBLIC HEALTH,SC,Cayce,Health Department,ASST_NON_NH23IP922601_075,SOUTH CAROLINA DEPARTMENT OF PUBLIC HEALTH,JNZSNC4MUMS7,,,Government|U.S. Regional/State Government,400 OTARRE PKWY,CAYCE,SC,USA,29033,LEXINGTON,02,2025-06-30,,,,,,,GOV,0,0,government-entity
NH23IP922605,cdc,Terminated,MISSISSIPPI STATE DEPARTMENT OF HEALTH,MS,JACKSON,Health Department,ASST_NON_NH23IP922605_075,MISSISSIPPI STATE DEPARTMENT OF HEALTH,GHELM9ULN8A1,,,Government|U.S. Regional/State Government,570 E WOODROW WILSON AVE,JACKSON,MS,USA,39216,HINDS,02,2025-06-30,,,,,,,GOV,0,0,government-entity
NH23IP922606,cdc,Terminated,MISSOURI DEPARTMENT OF HEALTH & SENIOR SERVICES,MO,JEFFERSON CITY,Health Department,ASST_NON_NH23IP922606_075,MISSOURI DEPARTMENT OF HEALTH & SENIOR SERVICES,UETLXV8NG8F4,,,Government|U.S. Regional/State Government,920 WILDWOOD DR,JEFFERSON CITY,MO,USA,65109,COLE,03,2025-09-07,,,,,,,GOV,0,0,government-entity
NH23IP922607,cdc,Terminated,FLORIDA DEPARTMENT OF HEALTH,FL,TALLAHASSEE,Health Department,ASST_NON_NH23IP922607_075,FLORIDA DEPARTMENT OF HEALTH,L924BA1SEN75,L924BA1SEN75,FLORIDA DEPARTMENT OF HEALTH,Government|U.S. Regional/State Government,4052 BALD CYPRESS WAY,TALLAHASSEE,FL,USA,32399,LEON,02,2025-06-30,,,,,,,GOV,0,0,government-entity
NH23IP922608,cdc,Terminated,Puerto Rico Department of Health,PR,SAN JUAN,Health Department,ASST_NON_NH23IP922608_075,PUERTO RICO DEPARTMENT OF HEALTH,NMLEHM4JTN15,,,Government|U.S. Regional/State Government,"EDIFICIO A, ANTIGUO HOSPITAL PSIQUISTRIA, CALLE PERIFERAL, BO. MONACILLOS",SAN JUAN,PR,USA,00935,SAN JUAN,98,2025-06-30,,,,,,,GOV,0,0,government-entity
NH23IP922610,cdc,Terminated,COMMONWEALTH OF VIRGINIA STATE BOARD OF HEALTH,VA,RICHMOND,Health Department,ASST_NON_NH23IP922610_075,COMMONWEALTH OF VIRGINIA STATE BOARD OF HEALTH,WG23DWXFNL81,,,Government|U.S. Regional/State Government,109 GOVERNOR STREET 12TH FLOOR,RICHMOND,VA,USA,23219,RICHMOND (CITY),04,2025-06-30,,,,,,,GOV,0,0,government-entity
NH23IP922615,cdc,Terminated,HUMAN SERVICES VERMONT AGENCY OF,VT,WATERBURY,Welfare Department,ASST_NON_NH23IP922615_075,HUMAN SERVICES VERMONT AGENCY OF,YLQARK22FMQ1,LALMDNWSYKT1,VERMONT DEPARTMENT OF PUBLIC SAFETY,Government|U.S. Regional/State Government,280 STATE DR,WATERBURY,VT,USA,05671,WASHINGTON,00,2025-06-30,,,,,,,GOV,0,0,government-entity
NH23IP922616,cdc,Terminated,DEPARTMENT OF STATE HEALTH SERVICES,TX,AUSTIN,Health Department,ASST_NON_NH23IP922616_075,DEPARTMENT OF STATE HEALTH SERVICES,NFHJD7V9MGN3,,,Government|U.S. Regional/State Government,1100 W 49TH ST,AUSTIN,TX,USA,78756,TRAVIS,37,2025-09-01,,,,,,,GOV,0,0,government-entity
NH23IP922617,cdc,Terminated,TENNESSEE DEPARTMENT OF HEALTH,TN,NASHVILLE,Health Department,ASST_NON_NH23IP922617_075,TENNESSEE DEPARTMENT OF HEALTH,EA5JN3P55GR1,,,Government|U.S. Regional/State Government,710 JAMES ROBERTSON PKWY,NASHVILLE,TN,USA,37243,DAVIDSON,07,2025-09-01,,,,,,,GOV,0,0,government-entity
NH23IP922621,cdc,Terminated,"HEALTH, LOUISIANA DEPARTMENT OF",LA,NEW ORLEANS,Health Department,ASST_NON_NH23IP922621_075,"HEALTH, LOUISIANA DEPARTMENT OF",L2GPNJZBM283,,,Government|U.S. Regional/State Government,"1450 POYDRAS ST, STE 1652",NEW ORLEANS,LA,USA,70112,ORLEANS,02,2025-06-30,,,,,,,GOV,0,0,government-entity
NH23IP922622,cdc,Terminated,IOWA DEPARTMENT OF PUBLIC HEALTH,IA,DES MOINES,Health Department,ASST_NON_NH23IP922622_075,IOWA DEPARTMENT OF PUBLIC HEALTH,S47QLSY37VS1,DGWJPMN2QD69,STATE OF IOWA,Government|U.S. Regional/State Government,321 E 12TH ST,DES MOINES,IA,USA,50319,POLK,03,2025-06-30,,,,,,,GOV,0,0,government-entity
NH23IP922623,cdc,Terminated,NORTH DAKOTA DEPARTMENT OF HEALTH AND HUMAN SERVICES,ND,BISMARCK,Health Department,ASST_NON_NH23IP922623_075,NORTH DAKOTA DEPARTMENT OF HEALTH AND HUMAN SERVICES,U4BCQ8P144P6,,,Government|U.S. Regional/State Government,600 E BOULEVARD AVE DEPT 301,BISMARCK,ND,USA,58505,BURLEIGH,00,2025-06-30,,,,,,,GOV,0,0,government-entity
NH23IP922627,cdc,Terminated,KANSAS DEPARTMENT OF HEALTH & ENVIRONMENT,KS,TOPEKA,Health Department,ASST_NON_NH23IP922627_075,KANSAS DEPARTMENT OF HEALTH & ENVIRONMENT,CGSTLVM57LM5,,,Government|U.S. Regional/State Government,1000 SW JACKSON ST STE 570,TOPEKA,KS,USA,66612,SHAWNEE,02,2025-06-30,,,,,,,GOV,0,0,government-entity
NH23IP922630,cdc,Terminated,OHIO DEPARTMENT OF HEALTH,OH,COLUMBUS,Health Department,ASST_NON_NH23IP922630_075,OHIO DEPARTMENT OF HEALTH,CLN8VY9APLQ5,,,Government|U.S. Regional/State Government,246 N HIGH ST,COLUMBUS,OH,USA,43215,FRANKLIN,15,2025-06-30,,,,,,,GOV,0,0,government-entity
NH23IP922631,cdc,Terminated,INDIANA DEPARTMENT OF HEALTH,IN,INDIANAPOLIS,Health Department,ASST_NON_NH23IP922631_075,INDIANA DEPARTMENT OF HEALTH,GXFMGZLP95D9,,,Government|U.S. Regional/State Government,2 N MERIDIAN ST,INDIANAPOLIS,IN,USA,46204,MARION,07,2025-06-30,,,,,,,GOV,0,0,government-entity
NH23IP922633,cdc,Terminated,IDAHO DEPARTMENT OF HEALTH & WELFARE,ID,BOISE,Health Department,ASST_NON_NH23IP922633_075,IDAHO DEPARTMENT OF HEALTH & WELFARE,WP92EVJB9HF9,,,Government|U.S. Regional/State Government,450 W STATE ST FL 10,BOISE,ID,USA,83702,ADA,02,2025-06-30,,,,,,,GOV,0,0,government-entity
NH23IP922638,cdc,Terminated,DEPARTMENT OF PUBLIC HEALTH AND SOCIAL SERVICES,GU,MANGILAO,Other Health Organization,ASST_NON_NH23IP922638_075,DEPARTMENT OF PUBLIC HEALTH AND SOCIAL SERVICES,QM41LQWVXCK8,,,Government|U.S. Regional/State Government,123 CHALAN KARETA,BARRIGADA,GU,USA,96913,GUAM,98,2025-06-30,,,,,,,GOV,0,0,government-entity
NH23IP922641,cdc,Terminated,"NATIONAL URBAN LEAGUE, INC.",NY,NEW YORK,Other Social Services Organization,ASST_NON_NH23IP922641_075,"NATIONAL URBAN LEAGUE, INC.",VD9ST5ZPM5P4,VD9ST5ZPM5P4,"NATIONAL URBAN LEAGUE, INC.",Nonprofit Organization,80 PINE ST FL 9,NEW YORK,NY,USA,10005,NEW YORK,10,2026-01-31,131840489,NATIONAL URBAN LEAGUE INC,NEW YORK,10027,P220,87105001,YES,1.0,0.5,exact-name+geo
NH23IP922643,cdc,Terminated,UNIDOSUS,DC,WASHINGTON,Other Social Services Organization,ASST_NON_NH23IP922643_075,UNIDOSUS,NLL9NNL3HAB3,,UNIDOSUS,Nonprofit Organization,1126 16TH ST NW STE 600,WASHINGTON,DC,USA,20036,DISTRICT OF COLUMBIA,98,2026-01-31,860212873,UNIDOSUS,WASHINGTON,20036,Z99,75868446,YES,1.0,1.5,exact-name+geo
NH23IP922644,cdc,Terminated,NORTHWEST PORTLAND AREA INDIAN HEALTH BOARD,OR,Portland,Health Department,ASST_NON_NH23IP922644_075,NORTHWEST PORTLAND AREA INDIAN HEALTH BOARD,ZNHWRF8EAJJ9,,,Nonprofit Organization,920 NW 17TH AVE,PORTLAND,OR,USA,97209,MULTNOMAH,01,2026-01-31,930718154,NORTHWEST PORTLAND AREA INDIAN HEALTH BOARD,PORTLAND,97209,E70Z,38852420,YES,1.0,1.5,exact-name+geo
NH23IP922655,cdc,Terminated,"POST-ACUTE AND LONG-TERM CARE MEDICAL ASSOCIATION, INC.",MD,Columbia,"Supplier Organizations ( Service, Supplies, Material and Equipment )",ASST_NON_NH23IP922655_075,"POST-ACUTE AND LONG-TERM CARE MEDICAL ASSOCIATION, INC.",XKFSELF8BLX6,,,Nonprofit Organization,9891 BROKEN LAND PKWY STE 101,COLUMBIA,MD,USA,21046,HOWARD,03,2026-09-29,521950426,POST ACUTE AND LONG TERM CARE MEDICAL ASSOCIATION INC,COLUMBIA,21046,,5881386,YES,1.0,1.5,exact-name+geo
NH23IP922656,cdc,Terminated,COUNCIL OF MEDICAL SPECIA,IL,CHICAGO,Other Health Organization,ASST_NON_NH23IP922656_075,COUNCIL OF MEDICAL SPECIA,Q3PPBQVCKLH1,,,Nonprofit Organization,633 N SAINT CLAIR ST,CHICAGO,IL,USA,60611,COOK,07,2026-09-29,362868605,COUNCIL OF MEDICAL SPECIALTY SOCIETIES,SCHAUMBURG,60173,B54C,13836018,MAYBE,0.926,0.0,name+geo
NH75OT000001,cdc,Terminated,STATE OF GEORGIA DEPARTMENT OF PUBLIC HEALTH,GA,ATLANTA,Health Department,ASST_NON_NH75OT000001_075,STATE OF GEORGIA DEPARTMENT OF PUBLIC HEALTH,GUT1BFELPFJ1,,,Government|U.S. Regional/State Government,"200 PIEDMONT AVENUE, SE WEST TOWER",ATLANTA,GA,USA,30334,FULTON,05,2025-03-24,,,,,,,GOV,0,0,government-entity
NH75OT000012,cdc,Terminated,KCMO HEALTH DEPT,MO,KANSAS CITY,Health Department,ASST_NON_NH75OT000012_075,KCMO HEALTH DEPT,UW7DM68M5KF4,UW7DM68M5KF4,KCMO HEALTH DEPT,Government|U.S. Local Government,2400 TROOST AVE,KANSAS CITY,MO,USA,64108,JACKSON,05,2025-08-02,,,,,,,GOV,0,0,government-entity
NH75OT000014,cdc,Terminated,MINISTRY OF HEALTH IN THE REPU BLIC OF THE MARSHALL ISLANDS,MH,MAJURO,Health Department,ASST_NON_NH75OT000014_075,MINISTRY OF HEALTH IN THE REPU BLIC OF THE MARSHALL ISLANDS,SD96AMWETGC8,,,Government|U.S. Local Government,DELAP IN CAPITAL CITY OF M,MAJURO,MH,USA,96960,,99,2025-03-24,,,,,,,GOV,0,0,government-entity
NH75OT000022,cdc,Terminated,COMMONWEALTH HEALTHCARE CORPORATION,MP,SAIPAN,Health Department,ASST_NON_NH75OT000022_075,COMMONWEALTH HEALTHCARE CORPORATION,J9ANMNJ3QJM6,,,Government|U.S. Regional/State Government,1178 HINEMLU' ST,SAIPAN,MP,USA,96950,SAIPAN,98,2025-03-24,,,,,,,GOV,0,0,government-entity
NH75OT000026,cdc,Terminated,HARRIS COUNTY,TX,HOUSTON,Health Department,ASST_NON_NH75OT000026_075,HARRIS COUNTY,JFMKAENLGN81,JFMKAENLGN81,HARRIS COUNTY,Government|U.S. Local Government,201 CAROLINE ST,HOUSTON,TX,USA,77002,HARRIS,18,2026-06-23,,,,,,,GOV,0,0,government-entity
NH75OT000027,cdc,Terminated,MISSOURI DEPARTMENT OF HEALTH & SENIOR SERVICES,MO,JEFFERSON CITY,Health Department,ASST_NON_NH75OT000027_075,MISSOURI DEPARTMENT OF HEALTH & SENIOR SERVICES,UETLXV8NG8F4,,,Government|U.S. Regional/State Government,920 WILDWOOD DR,JEFFERSON CITY,MO,USA,65109,COLE,03,2025-03-24,,,,,,,GOV,0,0,government-entity
NH75OT000031,cdc,Terminated,NEW HAMPSHIRE DEPARTMENT OF HEALTH & HUMAN SERVICES,NH,CONCORD,Welfare Department,ASST_NON_NH75OT000031_075,NEW HAMPSHIRE DEPARTMENT OF HEALTH & HUMAN SERVICES,LA2HR1U97VC6,,,Government|U.S. Regional/State Government,129 PLEASANT ST,CONCORD,NH,USA,03301,MERRIMACK,02,2025-03-24,,,,,,,GOV,0,0,government-entity
NH75OT000034,cdc,Terminated,HUMAN SERVICES VERMONT AGENCY OF,VT,WATERBURY,Welfare Department,ASST_NON_NH75OT000034_075,HUMAN SERVICES VERMONT AGENCY OF,YLQARK22FMQ1,LALMDNWSYKT1,VERMONT DEPARTMENT OF PUBLIC SAFETY,Government|U.S. Regional/State Government,280 STATE DR,WATERBURY,VT,USA,05671,WASHINGTON,00,2025-03-24,,,,,,,GOV,0,0,government-entity
NH75OT000041,cdc,Terminated,SOUTH DAKOTA DEPARTMENT OF HEALTH,SD,PIERRE,Health Department,ASST_NON_NH75OT000041_075,SOUTH DAKOTA DEPARTMENT OF HEALTH,J84PKUEWQ6Y5,UB23ZUH97ET3,STATE OF SOUTH DAKOTA-DIVISION OF OASI,Government|U.S. Regional/State Government,600 E CAPITOL AVE,PIERRE,SD,USA,57501,HUGHES,00,2025-03-24,,,,,,,GOV,0,0,government-entity
NH75OT000045,cdc,Terminated,DEPARTMENT OF STATE HEALTH SERVICES,TX,AUSTIN,Health Department,ASST_NON_NH75OT000045_075,DEPARTMENT OF STATE HEALTH SERVICES,NFHJD7V9MGN3,,,Government|U.S. Regional/State Government,1100 W 49TH ST,AUSTIN,TX,USA,78756,TRAVIS,37,2025-03-24,,,,,,,GOV,0,0,government-entity
NH75OT000046,cdc,Terminated,"HEALTH, VIRGINIA DEPARTMENT OF",VA,VIRGINIA BEACH,Health Department,ASST_NON_NH75OT000046_075,"HEALTH, VIRGINIA DEPARTMENT OF",EH88YKHAKL84,,,Government|U.S. Local Government,4452 CORPORATION LN,VIRGINIA BEACH,VA,USA,23462,VIRGINIA BEACH (CITY),02,2025-03-24,,,,,,,GOV,0,0,government-entity
NH75OT000047,cdc,Terminated,COUNTY OF TULSA,OK,TULSA,Health Department,ASST_NON_NH75OT000047_075,COUNTY OF TULSA,NZLLEUA9G6K5,,COUNTY OF TULSA,Government|U.S. Local Government,5051 S 129TH EAST AVE,TULSA,OK,USA,74134,TULSA,01,2025-03-24,,,,,,,GOV,0,0,government-entity
NH75OT000052,cdc,Terminated,STATE OF ALASKA DEPARTMENT OF HEALTH,AK,JUNEAU,Health Department,ASST_NON_NH75OT000052_075,STATE OF ALASKA DEPARTMENT OF HEALTH,LNQNF7PKBV13,,,Government|U.S. Regional/State Government,350 MAIN ST # 214,JUNEAU,AK,USA,99801,JUNEAU,00,2025-03-24,,,,,,,GOV,0,0,government-entity
NH75OT000053,cdc,Terminated,City of El Paso,TX,EL PASO,Health Department,ASST_NON_NH75OT000053_075,CITY OF EL PASO,KLZGKXNFVTL4,,CITY OF EL PASO,Government|U.S. Local Government,300 N CAMPBELL ST,EL PASO,TX,USA,79901,EL PASO,16,2025-03-24,,,,,,,GOV,0,0,government-entity
NH75OT000054,cdc,Terminated,TARRANT COUNTY,TX,FORT WORTH,Health Department,ASST_NON_NH75OT000054_075,TARRANT COUNTY,DBH1UNN8U5J3,,,Government|U.S. Local Government,100 E WEATHERFORD ST,FORT WORTH,TX,USA,76196,TARRANT,12,2025-03-24,,,,,,,GOV,0,0,government-entity
NH75OT000055,cdc,Terminated,FLORIDA DEPARTMENT OF HEALTH,FL,TALLAHASSEE,Health Department,ASST_NON_NH75OT000055_075,FLORIDA DEPARTMENT OF HEALTH,L924BA1SEN75,L924BA1SEN75,FLORIDA DEPARTMENT OF HEALTH,Government|U.S. Local Government,4052 BALD CYPRESS WAY,TALLAHASSEE,FL,USA,32399,LEON,02,2025-03-24,,,,,,,GOV,0,0,government-entity
NH75OT000059,cdc,Terminated,UTAH DEPARTMENT OF HEALTH AND HUMAN SERVICES,UT,SALT LAKE CITY,Health Department,ASST_NON_NH75OT000059_075,UTAH DEPARTMENT OF HEALTH AND HUMAN SERVICES,C172TQML5G99,,,Government|U.S. Regional/State Government,195 N 1950 W,SALT LAKE CITY,UT,USA,84116,SALT LAKE,02,2025-03-24,,,,,,,GOV,0,0,government-entity
NH75OT000061,cdc,Terminated,ARKANSAS DEPARTMENT OF HEALTH,AR,LITTLE ROCK,Health Department,ASST_NON_NH75OT000061_075,ARKANSAS DEPARTMENT OF HEALTH,SYB9UJV328L9,,,Government|U.S. Regional/State Government,4815 W MARKHAM ST,LITTLE ROCK,AR,USA,72205,PULASKI,02,2025-03-24,,,,,,,GOV,0,0,government-entity
NH75OT000062,cdc,Terminated,FLORIDA DEPARTMENT OF HEALTH,FL,TALLAHASSEE,Health Department,ASST_NON_NH75OT000062_075,FLORIDA DEPARTMENT OF HEALTH,L924BA1SEN75,L924BA1SEN75,FLORIDA DEPARTMENT OF HEALTH,Government|U.S. Regional/State Government,4052 BALD CYPRESS WAY,TALLAHASSEE,FL,USA,32399,LEON,02,2025-03-24,,,,,,,GOV,0,0,government-entity
NH75OT000068,cdc,Terminated,IOWA DEPARTMENT OF PUBLIC HEALTH,IA,DES MOINES,Health Department,ASST_NON_NH75OT000068_075,IOWA DEPARTMENT OF PUBLIC HEALTH,S47QLSY37VS1,DGWJPMN2QD69,STATE OF IOWA,Government|U.S. Regional/State Government,321 E 12TH ST,DES MOINES,IA,USA,50319,POLK,03,2025-03-24,,,,,,,GOV,0,0,government-entity
NH75OT000070,cdc,Terminated,OHIO DEPARTMENT OF HEALTH,OH,COLUMBUS,Health Department,ASST_NON_NH75OT000070_075,OHIO DEPARTMENT OF HEALTH,CLN8VY9APLQ5,,,Government|U.S. Regional/State Government,246 N HIGH ST,COLUMBUS,OH,USA,43215,FRANKLIN,15,2025-09-01,,,,,,,GOV,0,0,government-entity
NH75OT000071,cdc,Terminated,CITY OF HOUSTON,TX,HOUSTON,Health Department,ASST_NON_NH75OT000071_075,CITY OF HOUSTON,GULQZBMP2SR3,,CITY OF HOUSTON,Government|U.S. Local Government,8000 N STADIUM DR,HOUSTON,TX,USA,77054,HARRIS,09,2025-03-24,,,,,,,GOV,0,0,government-entity
NH75OT000072,cdc,Terminated,KANSAS DEPARTMENT OF HEALTH & ENVIRONMENT,KS,TOPEKA,Health Department,ASST_NON_NH75OT000072_075,KANSAS DEPARTMENT OF HEALTH & ENVIRONMENT,CGSTLVM57LM5,,,Government|U.S. Regional/State Government,1000 SW JACKSON ST STE 570,TOPEKA,KS,USA,66612,SHAWNEE,02,2025-03-24,,,,,,,GOV,0,0,government-entity
NH75OT000073,cdc,Terminated,INDIANA DEPARTMENT OF HEALTH,IN,INDIANAPOLIS,Health Department,ASST_NON_NH75OT000073_075,INDIANA DEPARTMENT OF HEALTH,GXFMGZLP95D9,,,Government|U.S. Regional/State Government,2 N MERIDIAN ST,INDIANAPOLIS,IN,USA,46204,MARION,07,2025-03-24,,,,,,,GOV,0,0,government-entity
NH75OT000076,cdc,Terminated,"HEALTH, LOUISIANA DEPARTMENT OF",LA,NEW ORLEANS,Health Department,ASST_NON_NH75OT000076_075,"HEALTH, LOUISIANA DEPARTMENT OF",L2GPNJZBM283,,,Government|U.S. Regional/State Government,"1450 POYDRAS ST, STE 1652",NEW ORLEANS,LA,USA,70112,ORLEANS,02,2025-03-24,,,,,,,GOV,0,0,government-entity
NH75OT000080,cdc,Terminated,STATE OF MT DEPT HEALTH AND HUMAN SERVICES,MT,HELENA,Health Department,ASST_NON_NH75OT000080_075,STATE OF MONTANA DEPARTMENT OF HEALTH AND HUMAN SERVICES,TR3DAXR9MCN8,TR3DAXR9MCN8,STATE OF MONTANA DEPARTMENT OF HEALTH AND HUMAN SERVICES,Government|U.S. Regional/State Government,2401 COLONIAL DR,HELENA,MT,USA,59601,LEWIS AND CLARK,02,2025-03-24,,,,,,,GOV,0,0,government-entity
NH75OT000081,cdc,Terminated,DALLAS COUNTY TEXAS,TX,DALLAS,Other Health Organization,ASST_NON_NH75OT000081_075,DALLAS COUNTY TEXAS,ER74JB3UL5E9,,COUNTY OF DALLAS,Government|U.S. Local Government,500 ELM STREET,DALLAS,TX,USA,75202,DALLAS,30,2025-03-24,,,,,,,GOV,0,0,government-entity
NH75OT000083,cdc,Terminated,CITY OF SAN ANTONIO,TX,SAN ANTONIO,Other Health Organization,ASST_NON_NH75OT000083_075,CITY OF SAN ANTONIO,LC5QCFLLCDJ4,,CITY OF SAN ANTONIO,Government|U.S. Local Government,100 W HOUSTON ST FL 8,SAN ANTONIO,TX,USA,78205,BEXAR,35,2025-03-24,,,,,,,GOV,0,0,government-entity
NH75OT000085,cdc,Terminated,Puerto Rico Department of Health,PR,SAN JUAN,Other Health Organization,ASST_NON_NH75OT000085_075,PUERTO RICO DEPARTMENT OF HEALTH,NMLEHM4JTN15,,,Government|U.S. Regional/State Government,"EDIFICIO A, ANTIGUO HOSPITAL PSIQUISTRIA, CALLE PERIFERAL, BO. MONACILLOS",SAN JUAN,PR,USA,00935,SAN JUAN,98,2025-03-24,,,,,,,GOV,0,0,government-entity
NH75OT000086,cdc,Terminated,DEPARTMENT OF PUBLIC HEALTH AND SOCIAL SERVICES,GU,MANGILAO,Other Health Organization,ASST_NON_NH75OT000086_075,DEPARTMENT OF PUBLIC HEALTH AND SOCIAL SERVICES,QM41LQWVXCK8,,,Government|U.S. Regional/State Government,123 CHALAN KARETA,BARRIGADA,GU,USA,96913,GUAM,98,2025-03-24,,,,,,,GOV,0,0,government-entity
NH75OT000089,cdc,Terminated,MISSISSIPPI STATE DEPARTMENT OF HEALTH,MS,JACKSON,Health Department,ASST_NON_NH75OT000089_075,MISSISSIPPI STATE DEPARTMENT OF HEALTH,GHELM9ULN8A1,,,Government|U.S. Regional/State Government,570 E WOODROW WILSON AVE,JACKSON,MS,USA,39216,HINDS,02,2025-03-24,,,,,,,GOV,0,0,government-entity
NH75OT000090,cdc,Terminated,SHELBY COUNTY GOVERNMENT,TN,MEMPHIS,Other Social Services Organization,ASST_NON_NH75OT000090_075,SHELBY COUNTY GOVERNMENT,F663H7K72GR4,,,Government|U.S. Local Government,160 N MAIN ST STE 800,MEMPHIS,TN,USA,38103,SHELBY,09,2025-03-24,,,,,,,GOV,0,0,government-entity
NH75OT000093,cdc,Terminated,NEBRASKA DEPARTMENT OF HEALTH & HUMAN SERVICES,NE,LINCOLN,Planning & Administrative Organizations,ASST_NON_NH75OT000093_075,NEBRASKA DEPARTMENT OF HEALTH & HUMAN SERVICES,HKQDEXRXGKL1,,,Government|U.S. Regional/State Government,301 CENTENNIAL MALL S,LINCOLN,NE,USA,68508,LANCASTER,01,2025-03-24,,,,,,,GOV,0,0,government-entity
NH75OT000095,cdc,Terminated,NORTH DAKOTA DEPARTMENT OF HEALTH AND HUMAN SERVICES,ND,BISMARCK,Health Department,ASST_NON_NH75OT000095_075,NORTH DAKOTA DEPARTMENT OF HEALTH AND HUMAN SERVICES,U4BCQ8P144P6,,,Government|U.S. Regional/State Government,600 E BOULEVARD AVE DEPT 301,BISMARCK,ND,USA,58505,BURLEIGH,00,2025-03-24,,,,,,,GOV,0,0,government-entity
NH75OT000097,cdc,Terminated,OKLAHOMA STATE DEPARTMENT OF HEALTH,OK,OKLAHOMA CITY,Health Department,ASST_NON_NH75OT000097_075,OKLAHOMA STATE DEPARTMENT OF HEALTH,LFU8Z8MPLTG3,LQJLVUN9FHE3,OKLAHOMA DEPARTMENT OF CORRECTIONS,Government|U.S. Regional/State Government,123 ROBERT S KERR AVE,OKLAHOMA CITY,OK,USA,73102,OKLAHOMA,05,2025-03-24,,,,,,,GOV,0,0,government-entity
NH75OT000099,cdc,Terminated,SOUTH CAROLINA DEPARTMENT OF PUBLIC HEALTH,SC,Cayce,Health Department,ASST_NON_NH75OT000099_075,SOUTH CAROLINA DEPARTMENT OF PUBLIC HEALTH,JNZSNC4MUMS7,,,Government|U.S. Regional/State Government,400 OTARRE PKWY,CAYCE,SC,USA,29033,LEXINGTON,02,2025-03-24,,,,,,,GOV,0,0,government-entity
NH75OT000100,cdc,Terminated,TENNESSEE DEPARTMENT OF HEALTH,TN,NASHVILLE,Health Department,ASST_NON_NH75OT000100_075,TENNESSEE DEPARTMENT OF HEALTH,EA5JN3P55GR1,,,Government|U.S. Regional/State Government,710 JAMES ROBERTSON PKWY,NASHVILLE,TN,USA,37243,DAVIDSON,07,2025-03-24,,,,,,,GOV,0,0,government-entity
NH75OT000101,cdc,Terminated,COMMONWEALTH OF VIRGINIA STATE BOARD OF HEALTH,VA,RICHMOND,Health Department,ASST_NON_NH75OT000101_075,COMMONWEALTH OF VIRGINIA STATE BOARD OF HEALTH,ESLDKEF3Z6V1,,,Government|U.S. Regional/State Government,109 GOVERNOR ST,RICHMOND,VA,USA,23219,RICHMOND (CITY),04,2025-03-24,,,,,,,GOV,0,0,government-entity
NH75OT000102,cdc,Terminated,"Health And Human Resources, West Virginia Department Of",WV,CHARLESTON,Health Department,ASST_NON_NH75OT000102_075,"HEALTH AND HUMAN RESOURCES, WEST VIRGINIA DEPARTMENT OF",YZ2HCE5SELE6,,STATE OF WEST VIRGINIA,Government|U.S. Regional/State Government,350 CAPITOL ST RM 702,CHARLESTON,WV,USA,25301,KANAWHA,01,2025-03-24,,,,,,,GOV,0,0,government-entity
NH75OT000103,cdc,Terminated,DEPARTMENT OF HEALTH WYOMING,WY,CHEYENNE,Health Department,ASST_NON_NH75OT000103_075,DEPARTMENT OF HEALTH WYOMING,JP1QRJYYJG73,,,Government|U.S. Regional/State Government,2300 CAPITOL AVE,CHEYENNE,WY,USA,82001,LARAMIE,00,2025-03-24,,,,,,,GOV,0,0,government-entity
NH75OT000104,cdc,Terminated,ALABAMA DEPARTMENT OF HEALTH,AL,MONTGOMERY,Health Department,ASST_NON_NH75OT000104_075,ALABAMA DEPARTMENT OF HEALTH,WDVJK7FUB8A6,WDVJK7FUB8A6,ALABAMA DEPARTMENT OF HEALTH,Government|U.S. Regional/State Government,201 MONROE ST,MONTGOMERY,AL,USA,36104,MONTGOMERY,02,2025-03-24,,,,,,,GOV,0,0,government-entity
NH75OT000106,cdc,Terminated,OKLAHOMA CITY COUNTY HEALTH DEPARTMENT,OK,OKLAHOMA CITY,Health Department,ASST_NON_NH75OT000106_075,OKLAHOMA CITY COUNTY HEALTH DEPARTMENT,T81MLLAMG4K9,T81MLLAMG4K9,OKLAHOMA CITY COUNTY HEALTH DEPARTMENT,Government|U.S. Local Government,2600 NE 63D ST,OKLAHOMA CITY,OK,USA,73111,OKLAHOMA,05,2025-03-24,,,,,,,GOV,0,0,government-entity
NH75OT000107,cdc,Terminated,VIRGIN ISLANDS DEPT OF HEALTH GROUP,VI,ST THOMAS,Health Department,ASST_NON_NH75OT000107_075,VIRGIN ISLANDS DEPARTMENT OF HEALTH,HC9KX4GNNPK6,,,Government|U.S. Regional/State Government,1303 HOSPITAL GROUND STE 10,ST THOMAS,VI,USA,00802,ST. THOMAS,98,2025-03-24,,,,,,,GOV,0,0,government-entity
NU2GGH002171,cdc,Terminated,The TRUSTEES OF COLUMBIA UNIVERSITY IN THE CITY OF NEW YORK,NY,NEW YORK,"Junior College, College & University",ASST_NON_NU2GGH002171_075,THE TRUSTEES OF COLUMBIA UNIVERSITY IN THE CITY OF NEW YORK,QHF5ZZ114M72,,,Higher Education|Higher Education (Public),630 W 168TH ST FL 4,NEW YORK,NY,USA,10032,NEW YORK,13,2025-09-29,,,,,,,GOV,0,0,government-entity
NU2GGH002225,cdc,Terminated,WORLD HEALTH ORGANIZATION,N/A,Geneve,Other Health Organization,ASST_NON_NU2GGH002225_075,WORLD HEALTH ORGANIZATION,FDE2NT8BSX11,,,Nonprofit Organization,AVENUE APPIA 20,GENEVE,,CHE,,,,2025-08-31,,,,,,,FOREIGN,0,0,non-us-recipient:CHE
NU2GGH002302,cdc,Terminated,HUMAN SCIENCES RESEARCH COUNCIL,N/A,PRETORIA,Other Special Interest Organization,ASST_NON_NU2GGH002302_075,HUMAN SCIENCES RESEARCH COUNCIL,KG8GU6NWW7R4,,,Nonprofit Organization,HSRC BUILDING 134 PRETORIUS STREET,PRETORIA,,ZAF,,,,2026-09-30,,,,,,,FOREIGN,0,0,non-us-recipient:ZAF
NU2GGH002436,cdc,Terminated,NATIONAL HEALTH LABORATORY SERVICE,N/A,JOHANNESBURG,"Research Institution, Foundation and Laboratory",ASST_NON_NU2GGH002436_075,NATIONAL HEALTH LABORATORY SERVICE,SK4JBY7G7X54,,,Nonprofit Organization,1 MODDERFONTEIN RD,JOHANNESBURG,,ZAF,,,,2027-09-29,,,,,,,FOREIGN,0,0,non-us-recipient:ZAF
NU2GGH002485,cdc,Terminated,CENTRE FOR INFECTIOUS DISEASE RESEARCH IN ZAMBIA,N/A,LUSAKA,Other Health Organization,ASST_NON_NU2GGH002485_075,CENTRE FOR INFECTIOUS DISEASE RESEARCH IN ZAMBIA,DM88BCK6XEF3,,,Nonprofit Organization,PLOT 378A/SUB 15 MAIN STREET/IBEX HILL,LUSAKA,,ZMB,,,,2028-09-29,,,,,,,FOREIGN,0,0,non-us-recipient:ZMB
NU2GGH002503,cdc,Terminated,GEORGETOWN UNIVERSITY,DC,Washington,"Junior College, College & University",ASST_NON_NU2GGH002503_075,GEORGETOWN UNIVERSITY,TF2CMKY1HMX9,TF2CMKY1HMX9,GEORGETOWN UNIVERSITY,Higher Education|Higher Education (Public),3970 RESEVOIR ROAD NW,WASHINGTON,DC,USA,20007,DISTRICT OF COLUMBIA,98,2028-09-29,530196603,GEORGETOWN UNIVERSITY,WASHINGTON,20007,B430,2296035338,YES,1.0,1.5,exact-name+geo
NU2HGH000007,cdc,Terminated,THE JOHNS HOPKINS UNIVERSITY,MD,BALTIMORE,"Junior College, College & University",ASST_NON_NU2HGH000007_075,THE JOHNS HOPKINS UNIVERSITY,FTMTDMBR29C7,GS4PNKTRNKL3,THE JOHNS HOPKINS HEALTH SYSTEM CORPORATION,Higher Education|Higher Education (Private),3400 N CHARLES ST,BALTIMORE,MD,USA,21218,BALTIMORE (CITY),07,2026-09-29,237424444,JOHNS HOPKINS UNIVERSITY,BALTIMORE,21211,,280524446,YES,1.0,0.5,exact-name+geo
NU2HGH000019,cdc,Terminated,RESEARCH TRIANGLE INSTITUTE,NC,DURHAM,"Research Institution, Foundation and Laboratory",ASST_NON_NU2HGH000019_075,RESEARCH TRIANGLE INSTITUTE,JJHCMK4NT5N3,JJHCMK4NT5N3,RESEARCH TRIANGLE INSTITUTE,Category Business|Not Designated a Small Business,3040 CORNWALLIS RD,RESEARCH TRIANGLE PARK,NC,USA,27709,DURHAM,04,2026-09-29,560686338,RESEARCH TRIANGLE INSTITUTE,DURHAM,27713,U200,1403482013,YES,1.0,0.0,exact-name
NU2HGH000026,cdc,Terminated,AFRICAN FIELD EPIDEMIOLOGY NETWORK LTD,N/A,KAMPALA,Other Social Services Organization,ASST_NON_NU2HGH000026_075,AFRICAN FIELD EPIDEMIOLOGY NETWORK LTD,TKN5P25GATN7,,,,"LUGOGO HOUSE, PLOT 42, LUGOGO BYPASS",KAMPALA,,UGA,,,,2026-09-29,,,,,,,FOREIGN,0,0,non-us-recipient:UGA
NU2HGH000036,cdc,Terminated,HEALTH SECURITY PARTNERS,DC,WASHINGTON,Other Health Organization,ASST_NON_NU2HGH000036_075,HEALTH SECURITY PARTNERS,LVU1DQG5JKX5,,,Nonprofit Organization,1341 22ND ST NW,WASHINGTON,DC,USA,20037,DISTRICT OF COLUMBIA,98,2026-09-29,464681599,HEALTH SECURITY PARTNERS LLC,WASHINGTON,20037,E70,14560156,YES,1.0,1.5,exact-name+geo
NU2HGH000042,cdc,Terminated,SOUTH ASIA FIELD EPIDEMIOLOGY AND TECHNOLOGY NETWORK INCORPORATED,N/A,QUEZON CITY,"Junior College, College & University",ASST_NON_NU2HGH000042_075,SOUTH ASIA FIELD EPIDEMIOLOGY AND TECHNOLOGY NETWORK INCORPORATED,QV43SUJLHPP8,,,,"ROOM 382 SCHOOL OF ECONOMICS BLDG, UNIVERSITY OF PHILIPPINES, UP DILIMAN",QUEZON CITY,,PHL,,,,2026-09-29,,,,,,,FOREIGN,0,0,non-us-recipient:PHL
NU2HGH000044,cdc,Terminated,"THE TASK FORCE FOR GLOBAL HEALTH, INC.",GA,DECATUR,Other Special Interest Organization,ASST_NON_NU2HGH000044_075,"THE TASK FORCE FOR GLOBAL HEALTH, INC.",L9DLXYHZ3TM8,T2E8NUG3BQA3,"TASK FORCE FOR GLOBAL HEALTH, INC",Nonprofit Organization,330 W PONCE DE LEON AVE,DECATUR,GA,USA,30030,DEKALB,05,2026-09-29,581698648,THE TASK FORCE FOR GLOBAL HEALTH INC,DECATUR,30030,P30A,114019244,YES,1.0,1.5,exact-name+geo
NU2HGH000048,cdc,Terminated,The TRUSTEES OF COLUMBIA UNIVERSITY IN THE CITY OF NEW YORK,NY,NEW YORK,"Junior College, College & University",ASST_NON_NU2HGH000048_075,THE TRUSTEES OF COLUMBIA UNIVERSITY IN THE CITY OF NEW YORK,QHF5ZZ114M72,,,Higher Education|Higher Education (Private),630 W 168TH ST FL 4,NEW YORK,NY,USA,10032,NEW YORK,13,2026-03-31,,,,,,,GOV,0,0,government-entity
NU2HGH000050,cdc,Terminated,"GENERAL DEPARTMENT OF PREVENTIVE MEDICINE, MINISTRY OF HEALTH OF VIETNAM",N/A,HA NOI,Other Health Organization,ASST_NON_NU2HGH000050_075,"GENERAL DEPARTMENT OF PREVENTIVE MEDICINE, MINISTRY OF HEALTH OF VIETNAM",FJQKMXNC6828,,,,135 NUI TRUC,HA NOI,,VNM,,,,2026-09-29,,,,,,,FOREIGN,0,0,non-us-recipient:VNM
NU2HGH000060,cdc,Terminated,"INTERNATIONAL CENTRE FOR DIARRHOEAL DISEASE RESEARCH, BANGLADESH",N/A,Dhaka,"Research Institution, Foundation and Laboratory",ASST_NON_NU2HGH000060_075,"INTERNATIONAL CENTRE FOR DIARRHOEAL DISEASE RESEARCH, BANGLADESH",MS5NE1JLU463,,,,"68, SHAHEED TAJUDDIN AHMED SARANI",DHAKA,,BGD,,,,2026-09-29,,,,,,,FOREIGN,0,0,non-us-recipient:BGD
NU2HGH000061,cdc,Terminated,KEMENTERIAN KESEHATAN RI,N/A,JAKARTA,Other Health Organization,ASST_NON_NU2HGH000061_075,KEMENTERIAN KESEHATAN RI,UZLBN6HTQ1R9,,,,"JL. HR. RASUNA SAID BLOK X - 5, KAV. 4-9",JAKARTA,,IDN,,,,2026-09-29,,,,,,,FOREIGN,0,0,non-us-recipient:IDN
NU2HGH000069,cdc,Terminated,"OHIO STATE UNIVERSITY, THE",OH,Columbus,"Junior College, College & University",ASST_NON_NU2HGH000069_075,"OHIO STATE UNIVERSITY, THE",DLWBSLWAJWR1,EWRDP9YCDDH5,THE OHIO STATE UNIVERSITY,Higher Education|Higher Education (Public),1960 KENNY ROAD,COLUMBUS,OH,USA,43210,FRANKLIN,03,2026-09-29,316025986,THE OHIO STATE UNIVERSITY,COLUMBUS,43210,B40,,YES,1.0,1.5,exact-name+geo
NU2HGH000074,cdc,Terminated,FAMILY HEALTH INTERNATIONAL,NC,DURHAM,Other Health Organization,ASST_NON_NU2HGH000074_075,FAMILY HEALTH INTERNATIONAL,VRAASTY11EA3,,,Nonprofit Organization,359 BLACKWELL STREET,DURHAM,NC,USA,27701,DURHAM,04,2026-01-31,237413005,FAMILY HEALTH INTERNATIONAL,DURHAM,27701,Q300,,YES,1.0,1.5,exact-name+geo
NU2HGH000077,cdc,Terminated,AFRICAN SOCIETY FOR LABORATORY MEDICINE,N/A,ADDIS ABABA,Other Health Organization,ASST_NON_NU2HGH000077_075,AFRICAN SOCIETY FOR LABORATORY MEDICINE,Y78TFU88W6H9,,,,"NEW 800, WOREDA 08, NO WOREDA-142, KIRKOS",ADDIS ABABA,,ETH,,,,2026-09-29,,,,,,,FOREIGN,0,0,non-us-recipient:ETH
NU2HGH000080,cdc,Terminated,"ASSOCIATION OF PUBLIC HEALTH LABORATORIES, INC. (THE)",MD,BETHESDA,Planning & Administrative Organizations,ASST_NON_NU2HGH000080_075,"ASSOCIATION OF PUBLIC HEALTH LABORATORIES, INC. (THE)",FHAWFVPAM5Z4,,,,7700 WISCONSIN AVE STE 1000,BETHESDA,MD,USA,20814,MONTGOMERY,08,2027-09-29,,,,,,,GOV,0,0,government-entity
NU2HGH000099,cdc,Terminated,The TRUSTEES OF COLUMBIA UNIVERSITY IN THE CITY OF NEW YORK,NY,NEW YORK,"Junior College, College & University",ASST_NON_NU2HGH000099_075,THE TRUSTEES OF COLUMBIA UNIVERSITY IN THE CITY OF NEW YORK,QHF5ZZ114M72,,,Higher Education|Higher Education (Public),630 W 168TH ST FL 4,NEW YORK,NY,USA,10032,NEW YORK,13,2026-09-29,,,,,,,GOV,0,0,government-entity
NU2RGH001916,cdc,Terminated,"THE TASK FORCE FOR GLOBAL HEALTH, INC.",GA,Decatur,Other Special Interest Organization,ASST_NON_NU2RGH001916_075,"THE TASK FORCE FOR GLOBAL HEALTH, INC.",L9DLXYHZ3TM8,T2E8NUG3BQA3,"TASK FORCE FOR GLOBAL HEALTH, INC",Nonprofit Organization,330 WEST PONCE DE LEON AVE,DECATUR,GA,USA,30030,DEKALB,05,2027-07-31,581698648,THE TASK FORCE FOR GLOBAL HEALTH INC,DECATUR,30030,P30A,114019244,YES,1.0,1.5,exact-name+geo
NU38CK000485,cdc,Terminated,AUCKLAND UNISERVICES LIMITED,N/A,AUCKLAND,Other Health Organization,ASST_NON_NU38CK000485_075,AUCKLAND UNISERVICES LIMITED,G8HSF57ZWJA7,,THE UNIVERSITY OF AUCKLAND,,"LEVEL 10, 49 SYMONDS STREET",AUCKLAND,,NZL,,,,2025-03-25,,,,,,,FOREIGN,0,0,non-us-recipient:NZL
NU38OT000297,cdc,Terminated,"COUNCIL OF STATE AND TERRITORIAL EPIDEMIOLOGISTS, INC.",GA,ATLANTA,Other Health Organization,ASST_NON_NU38OT000297_075,"COUNCIL OF STATE AND TERRITORIAL EPIDEMIOLOGISTS, INC.",NSJBSF68TBN5,,,Nonprofit Organization,2635 CENTURY PKWY NE STE 700,ATLANTA,GA,USA,30345,DEKALB,04,2025-07-31,237410799,COUNCIL OF STATE AND TERRITORIAL EPIDEMIOLOGISTS,ATLANTA,30345,,43920070,YES,1.0,1.5,exact-name+geo
NU38OT000306,cdc,Terminated,NATIONAL ASSOCIATION OF COUNTY AND CITY HEALTH OFFICIALS,DC,WASHINGTON,Other Health Organization,ASST_NON_NU38OT000306_075,NATIONAL ASSOCIATION OF COUNTY AND CITY HEALTH OFFICIALS,SRH7DCCTU3G7,,,Nonprofit Organization,1201 I ST NW FL 4,WASHINGTON,DC,USA,20005,DISTRICT OF COLUMBIA,98,2025-07-31,,,,,,,GOV,0,0,government-entity
NU38OT000310,cdc,Terminated,"NATIONAL ASSOCIATION OF COMMUNITY HEALTH CENTERS, INC.",MD,BETHESDA,Other Health Organization,ASST_NON_NU38OT000310_075,"NATIONAL ASSOCIATION OF COMMUNITY HEALTH CENTERS, INC.",J7UGLALV8FJ5,,,Nonprofit Organization,7501 WISCONSIN AVE STE 1100W,BETHESDA,MD,USA,20814,MONTGOMERY,08,2025-07-31,520939952,NATIONAL ASSOCIATION OF COMMUNITY HEALTH CENTERS INC,BETHESDA,20814,E32C,46346948,YES,1.0,1.5,exact-name+geo
NU38TO000012,cdc,Terminated,CHICKASAW NATION,OK,ADA,Indian Tribal Council,ASST_NON_NU38TO000012_075,CHICKASAW NATION,KS8HLVMJEMW9,,CHICKASAW NATION,Government|Native American Tribal Government,520 ARLINGTON ST,ADA,OK,USA,74820,PONTOTOC,04,2028-08-30,,,,,,,GOV,0,0,government-entity
NU38TO000015,cdc,Terminated,TURTLE MOUNTAIN BAND OF CHIPPEWA INDIANS,ND,BELCOURT,Indian Tribal Council,ASST_NON_NU38TO000015_075,TURTLE MOUNTAIN BAND OF CHIPPEWA INDIANS,Y9X2KNAG1GD9,TMQVTNN6YJF7,TURTLE MOUNTAIN BAND OF CHIPPEWA INDIANS,Government|Native American Tribal Government,4180 HWY 281,BELCOURT,ND,USA,58316,ROLETTE,00,2028-08-30,,,,,,,GOV,0,0,government-entity
NU38TO000019,cdc,Terminated,CHEROKEE NATION,OK,TAHLEQUAH,Indian Tribal Council,ASST_NON_NU38TO000019_075,CHEROKEE NATION,TBAHL1WANLF3,,THE CHEROKEE NATION,Government|Native American Tribal Government,17675 S MUSKOGEE AVE,TAHLEQUAH,OK,USA,74464,CHEROKEE,02,2028-08-30,,,,,,,GOV,0,0,government-entity
NU38TO000023,cdc,Terminated,WABANAKI PUBLIC HEALTH & WELLNESS NPC,ME,BANGOR,Other Special Interest Organization,ASST_NON_NU38TO000023_075,WABANAKI PUBLIC HEALTH & WELLNESS NPC,T56BV185GKB6,,,Government|Native American Tribal Government,1 MERCHANTS PLZ,BANGOR,ME,USA,04401,PENOBSCOT,02,2028-08-30,,,,,,,GOV,0,0,government-entity
NU3HCK000001,cdc,Terminated,THE JOHNS HOPKINS UNIVERSITY,MD,BALTIMORE,"Junior College, College & University",ASST_NON_NU3HCK000001_075,THE JOHNS HOPKINS UNIVERSITY,FTMTDMBR29C7,GS4PNKTRNKL3,THE JOHNS HOPKINS HEALTH SYSTEM CORPORATION,Higher Education|Higher Education (Private),3400 N CHARLES ST,BALTIMORE,MD,USA,21218,BALTIMORE (CITY),07,2026-09-29,237424444,JOHNS HOPKINS UNIVERSITY,BALTIMORE,21211,,280524446,YES,1.0,0.5,exact-name+geo
NU3HCK000018,cdc,Terminated,HEALTH SECURITY PARTNERS,DC,WASHINGTON,Other Health Organization,ASST_NON_NU3HCK000018_075,HEALTH SECURITY PARTNERS,LVU1DQG5JKX5,,,Nonprofit Organization,1341 22ND ST NW,WASHINGTON,DC,USA,20037,DISTRICT OF COLUMBIA,98,2026-09-29,464681599,HEALTH SECURITY PARTNERS LLC,WASHINGTON,20037,E70,14560156,YES,1.0,1.5,exact-name+geo
NU50CK000495,cdc,Terminated,INTERNATIONAL ORGANIZATION FOR MIGRATION,DC,Washington,Other Special Interest Organization,ASST_NON_NU50CK000495_075,INTERNATIONAL ORGANIZATION FOR MIGRATION,R83NBN53FNK5,,INTERNATIONAL ORGANIZATION FOR MIGRATION,Nonprofit Organization,1707 L ST NW STE 800,WASHINGTON,DC,USA,20036,DISTRICT OF COLUMBIA,98,2025-09-29,,INTERNATIONAL SIKH ORGANIZATION INC,WASHINGTON,,,,NO,0.871,0.5,name+geo (closest rejected)
NU50CK000499,cdc,Terminated,COMMONWEALTH HEALTHCARE CORPORATION,MP,SAIPAN,Health Department,ASST_NON_NU50CK000499_075,COMMONWEALTH HEALTHCARE CORPORATION,J9ANMNJ3QJM6,,,,1178 HINEMLU' ST,SAIPAN,MP,USA,96950,SAIPAN,98,2027-07-31,,,,,,,GOV,0,0,government-entity
NU50CK000500,cdc,Terminated,STATE OF MT DEPT HEALTH AND HUMAN SERVICES,MT,HELENA,Health Department,ASST_NON_NU50CK000500_075,STATE OF MONTANA DEPARTMENT OF HEALTH AND HUMAN SERVICES,TR3DAXR9MCN8,TR3DAXR9MCN8,STATE OF MONTANA DEPARTMENT OF HEALTH AND HUMAN SERVICES,Government|U.S. Regional/State Government,2401 COLONIAL DR,HELENA,MT,USA,59601,LEWIS AND CLARK,02,2027-07-31,,,,,,,GOV,0,0,government-entity
NU50CK000501,cdc,Terminated,DEPARTMENT OF STATE HEALTH SERVICES,TX,AUSTIN,Health Department,ASST_NON_NU50CK000501_075,DEPARTMENT OF STATE HEALTH SERVICES,NFHJD7V9MGN3,,,Government|U.S. Regional/State Government,1100 W 49TH ST,AUSTIN,TX,USA,78756,TRAVIS,37,2027-07-31,,,,,,,GOV,0,0,government-entity
NU50CK000503,cdc,Terminated,INDIANA DEPARTMENT OF HEALTH,IN,INDIANAPOLIS,Health Department,ASST_NON_NU50CK000503_075,INDIANA DEPARTMENT OF HEALTH,GXFMGZLP95D9,,,Government|U.S. Regional/State Government,2 N MERIDIAN ST,INDIANAPOLIS,IN,USA,46204,MARION,07,2027-07-31,,,,,,,GOV,0,0,government-entity
NU50CK000504,cdc,Terminated,IOWA DEPARTMENT OF PUBLIC HEALTH,IA,DES MOINES,Health Department,ASST_NON_NU50CK000504_075,IOWA DEPARTMENT OF PUBLIC HEALTH,S47QLSY37VS1,DGWJPMN2QD69,STATE OF IOWA,Government|U.S. Regional/State Government,321 E 12TH ST,DES MOINES,IA,USA,50319,POLK,03,2027-07-31,,,,,,,GOV,0,0,government-entity
NU50CK000509,cdc,Terminated,STATE OF ALASKA DEPARTMENT OF HEALTH,AK,JUNEAU,Health Department,ASST_NON_NU50CK000509_075,STATE OF ALASKA DEPARTMENT OF HEALTH,LNQNF7PKBV13,V51BY26T73M5,"ALASKA, STATE OF",Government|U.S. Regional/State Government,350 MAIN ST # 214,JUNEAU,AK,USA,99801,JUNEAU,00,2027-07-31,,,,,,,GOV,0,0,government-entity
NU50CK000512,cdc,Terminated,SOUTH DAKOTA DEPARTMENT OF HEALTH,SD,PIERRE,Health Department,ASST_NON_NU50CK000512_075,SOUTH DAKOTA DEPARTMENT OF HEALTH,J84PKUEWQ6Y5,UB23ZUH97ET3,STATE OF SOUTH DAKOTA-DIVISION OF OASI,Government|U.S. Regional/State Government,600 E CAPITOL AVE,PIERRE,SD,USA,57501,HUGHES,00,2027-07-31,,,,,,,GOV,0,0,government-entity
NU50CK000513,cdc,Terminated,FSM DEPARATMENT OF HEALTH AND SOCIAL AFFAIRS,FM,Pohnpei,Health Department,ASST_NON_NU50CK000513_075,FSM DEPARATMENT OF HEALTH AND SOCIAL AFFAIRS,SPWNPA2VM2Z5,,,,MOGITHIN BUILDING PALIKIR STATION,POHNPEI,FM,USA,96941,,99,2027-07-31,,,,,,,NA,0,0,no-bmf-file-for-state:FM
NU50CK000514,cdc,Terminated,NORTH DAKOTA DEPARTMENT OF HEALTH AND HUMAN SERVICES,ND,BISMARCK,Health Department,ASST_NON_NU50CK000514_075,NORTH DAKOTA DEPARTMENT OF HEALTH AND HUMAN SERVICES,U4BCQ8P144P6,,,Government|U.S. Regional/State Government,600 E BOULEVARD AVE DEPT 301,BISMARCK,ND,USA,58505,BURLEIGH,00,2027-07-31,,,,,,,GOV,0,0,government-entity
NU50CK000520,cdc,Terminated,HUMAN SERVICES VERMONT AGENCY OF,VT,WATERBURY,Welfare Department,ASST_NON_NU50CK000520_075,HUMAN SERVICES VERMONT AGENCY OF,YLQARK22FMQ1,LALMDNWSYKT1,VERMONT DEPARTMENT OF PUBLIC SAFETY,Government|U.S. Regional/State Government,280 STATE DR,WATERBURY,VT,USA,05671,WASHINGTON,00,2027-07-31,,,,,,,GOV,0,0,government-entity
NU50CK000522,cdc,Terminated,NEW HAMPSHIRE DEPARTMENT OF HEALTH & HUMAN SERVICES,NH,CONCORD,Welfare Department,ASST_NON_NU50CK000522_075,NEW HAMPSHIRE DEPARTMENT OF HEALTH & HUMAN SERVICES,LA2HR1U97VC6,,,Government|U.S. Regional/State Government,129 PLEASANT ST,CONCORD,NH,USA,03301,MERRIMACK,02,2027-07-31,,,,,,,GOV,0,0,government-entity
NU50CK000526,cdc,Terminated,PUERTO RICO DEPARTMENT OF HEALTH,PR,SAN JUAN,Other Health Organization,ASST_NON_NU50CK000526_075,PUERTO RICO DEPARTMENT OF HEALTH,NMLEHM4JTN15,,,,"EDIFICIO A, ANTIGUO HOSPITAL PSIQUISTRIA, CALLE PERIFERAL, BO. MONACILLOS",SAN JUAN,PR,USA,00935,SAN JUAN,98,2027-07-31,,,,,,,GOV,0,0,government-entity
NU50CK000528,cdc,Terminated,TENNESSEE DEPARTMENT OF HEALTH,TN,NASHVILLE,Health Department,ASST_NON_NU50CK000528_075,TENNESSEE DEPARTMENT OF HEALTH,EA5JN3P55GR1,,,Government|U.S. Regional/State Government,710 JAMES ROBERTSON PKWY,NASHVILLE,TN,USA,37243,DAVIDSON,07,2027-07-31,,,,,,,GOV,0,0,government-entity
NU50CK000529,cdc,Terminated,STATE OF GEORGIA DEPARTMENT OF PUBLIC HEALTH,GA,ATLANTA,Health Department,ASST_NON_NU50CK000529_075,STATE OF GEORGIA DEPARTMENT OF PUBLIC HEALTH,GUT1BFELPFJ1,,,Government|U.S. Regional/State Government,"200 PIEDMONT AVENUE, SE WEST TOWER",ATLANTA,GA,USA,30334,FULTON,05,2027-07-31,,,,,,,GOV,0,0,government-entity
NU50CK000531,cdc,Terminated,DEPARTMENT OF PUBLIC HEALTH AND SOCIAL SERVICES,GU,MANGILAO,Other Health Organization,ASST_NON_NU50CK000531_075,DEPARTMENT OF PUBLIC HEALTH AND SOCIAL SERVICES,QM41LQWVXCK8,,,,123 CHALAN KARETA,BARRIGADA,GU,USA,96913,GUAM,98,2027-07-31,,,,,,,GOV,0,0,government-entity
NU50CK000532,cdc,Terminated,"HEALTH, LOUISIANA DEPARTMENT OF",LA,NEW ORLEANS,Health Department,ASST_NON_NU50CK000532_075,"HEALTH, LOUISIANA DEPARTMENT OF",L2GPNJZBM283,,,Government|U.S. Regional/State Government,"1450 POYDRAS ST, STE 1652",NEW ORLEANS,LA,USA,70112,ORLEANS,02,2027-07-31,,,,,,,GOV,0,0,government-entity
NU50CK000533,cdc,Terminated,PALAU MINISTRY OF HEALTH,PW,KOROR,Health Department,ASST_NON_NU50CK000533_075,PALAU MINISTRY OF HEALTH,XBK8DJ4UV3D3,,,,1 HOSPITAL RD,KOROR,PW,USA,96940,,99,2027-07-31,,,,,,,GOV,0,0,government-entity
NU50CK000535,cdc,Terminated,OKLAHOMA STATE DEPARTMENT OF HEALTH,OK,OKLAHOMA CITY,Health Department,ASST_NON_NU50CK000535_075,OKLAHOMA STATE DEPARTMENT OF HEALTH,LFU8Z8MPLTG3,QARFCMD719K4,OKLAHOMA STATE DEPARTMENT OF HEALTH,Government|U.S. Regional/State Government,123 ROBERT S KERR AVE,OKLAHOMA CITY,OK,USA,73102,OKLAHOMA,05,2027-07-31,,,,,,,GOV,0,0,government-entity
NU50CK000536,cdc,Terminated,UTAH DEPARTMENT OF HEALTH AND HUMAN SERVICES,UT,SALT LAKE CITY,Health Department,ASST_NON_NU50CK000536_075,UTAH DEPARTMENT OF HEALTH AND HUMAN SERVICES,C172TQML5G99,,,Government|U.S. Regional/State Government,195 N 1950 W,SALT LAKE CITY,UT,USA,84116,SALT LAKE,02,2027-07-31,,,,,,,GOV,0,0,government-entity
NU50CK000537,cdc,Terminated,DEPARTMENT OF HEALTH,AS,PAGO PAGO,Health Department,ASST_NON_NU50CK000537_075,DEPARTMENT OF HEALTH,JWV8MLNBAGC9,JWV8MLNBAGC9,DEPARTMENT OF HEALTH,,ONE FAGAALU ROAD,PAGO PAGO,AS,USA,96799,WESTERN,98,2027-07-31,,,,,,,GOV,0,0,government-entity
NU50CK000538,cdc,Terminated,ARKANSAS DEPARTMENT OF HEALTH,AR,LITTLE ROCK,Health Department,ASST_NON_NU50CK000538_075,ARKANSAS DEPARTMENT OF HEALTH,SYB9UJV328L9,,,Government|U.S. Regional/State Government,4815 W MARKHAM ST,LITTLE ROCK,AR,USA,72205,PULASKI,02,2027-07-31,,,,,,,GOV,0,0,government-entity
NU50CK000540,cdc,Terminated,DEPARTMENT OF HEALTH WYOMING,WY,CHEYENNE,Health Department,ASST_NON_NU50CK000540_075,DEPARTMENT OF HEALTH WYOMING,JP1QRJYYJG73,,,Government|U.S. Regional/State Government,2300 CAPITOL AVE,CHEYENNE,WY,USA,82001,LARAMIE,00,2027-07-31,,,,,,,GOV,0,0,government-entity
NU50CK000542,cdc,Terminated,SOUTH CAROLINA DEPARTMENT OF PUBLIC HEALTH,SC,Cayce,Health Department,ASST_NON_NU50CK000542_075,SOUTH CAROLINA DEPARTMENT OF PUBLIC HEALTH,JNZSNC4MUMS7,,,Government|U.S. Regional/State Government,400 OTARRE PKWY,CAYCE,SC,USA,29033,LEXINGTON,02,2027-07-31,,,,,,,GOV,0,0,government-entity
NU50CK000543,cdc,Terminated,OHIO DEPARTMENT OF HEALTH,OH,COLUMBUS,Health Department,ASST_NON_NU50CK000543_075,OHIO DEPARTMENT OF HEALTH,CLN8VY9APLQ5,,,Government|U.S. Regional/State Government,246 N HIGH ST,COLUMBUS,OH,USA,43215,FRANKLIN,15,2027-07-31,,,,,,,GOV,0,0,government-entity
NU50CK000544,cdc,Terminated,IDAHO DEPARTMENT OF HEALTH & WELFARE,ID,BOISE,Health Department,ASST_NON_NU50CK000544_075,IDAHO DEPARTMENT OF HEALTH & WELFARE,WP92EVJB9HF9,,,Government|U.S. Regional/State Government,450 W STATE ST FL 10,BOISE,ID,USA,83702,ADA,02,2027-07-31,,,,,,,GOV,0,0,government-entity
NU50CK000545,cdc,Terminated,ALABAMA DEPARTMENT OF HEALTH,AL,MONTGOMERY,Health Department,ASST_NON_NU50CK000545_075,ALABAMA DEPARTMENT OF HEALTH,WDVJK7FUB8A6,WDVJK7FUB8A6,ALABAMA DEPARTMENT OF HEALTH,Government|U.S. Regional/State Government,201 MONROE ST,MONTGOMERY,AL,USA,36104,MONTGOMERY,02,2027-07-31,,,,,,,GOV,0,0,government-entity
NU50CK000546,cdc,Terminated,MISSOURI DEPARTMENT OF HEALTH & SENIOR SERVICES,MO,JEFFERSON CITY,Health Department,ASST_NON_NU50CK000546_075,MISSOURI DEPARTMENT OF HEALTH & SENIOR SERVICES,UETLXV8NG8F4,,,Government|U.S. Regional/State Government,920 WILDWOOD DR,JEFFERSON CITY,MO,USA,65109,COLE,03,2027-07-31,,,,,,,GOV,0,0,government-entity
NU50CK000547,cdc,Terminated,NEBRASKA DEPARTMENT OF HEALTH & HUMAN SERVICES,NE,LINCOLN,Welfare Department,ASST_NON_NU50CK000547_075,NEBRASKA DEPARTMENT OF HEALTH & HUMAN SERVICES,HKQDEXRXGKL1,,,,301 CENTENNIAL MALL S,LINCOLN,NE,USA,68508,LANCASTER,01,2027-07-31,,,,,,,GOV,0,0,government-entity
NU50CK000549,cdc,Terminated,KANSAS DEPARTMENT OF HEALTH & ENVIRONMENT,KS,TOPEKA,Health Department,ASST_NON_NU50CK000549_075,KANSAS DEPARTMENT OF HEALTH & ENVIRONMENT,CGSTLVM57LM5,,,,1000 SW JACKSON ST STE 570,TOPEKA,KS,USA,66612,SHAWNEE,02,2027-07-31,,,,,,,GOV,0,0,government-entity
NU50CK000550,cdc,Terminated,MISSISSIPPI STATE DEPARTMENT OF HEALTH,MS,JACKSON,Health Department,ASST_NON_NU50CK000550_075,MISSISSIPPI STATE DEPARTMENT OF HEALTH,GHELM9ULN8A1,,,Government|U.S. Regional/State Government,570 E WOODROW WILSON AVE,JACKSON,MS,USA,39216,HINDS,02,2027-07-31,,,,,,,GOV,0,0,government-entity
NU50CK000551,cdc,Terminated,"HEALTH AND HUMAN RESOURCES, WEST VIRGINIA DEPARTMENT OF",WV,CHARLESTON,Health Department,ASST_NON_NU50CK000551_075,"HEALTH AND HUMAN RESOURCES, WEST VIRGINIA DEPARTMENT OF",YZ2HCE5SELE6,,STATE OF WEST VIRGINIA,Government|U.S. Regional/State Government,350 CAPITOL ST RM 702,CHARLESTON,WV,USA,25301,KANAWHA,01,2027-07-31,,,,,,,GOV,0,0,government-entity
NU50CK000554,cdc,Terminated,FLORIDA DEPARTMENT OF HEALTH,FL,TALLAHASSEE,Health Department,ASST_NON_NU50CK000554_075,FLORIDA DEPARTMENT OF HEALTH,L924BA1SEN75,L924BA1SEN75,FLORIDA DEPARTMENT OF HEALTH,Government|U.S. Regional/State Government,4052 BALD CYPRESS WAY,TALLAHASSEE,FL,USA,32399,LEON,02,2027-07-31,,,,,,,GOV,0,0,government-entity
NU50CK000555,cdc,Terminated,COMMONWEALTH OF VIRGINIA STATE BOARD OF HEALTH,VA,RICHMOND,Health Department,ASST_NON_NU50CK000555_075,COMMONWEALTH OF VIRGINIA STATE BOARD OF HEALTH,WG23DWXFNL81,HUT3VF4BE9C8,STATE OF VIRGINIA,Government|U.S. Regional/State Government,109 GOVERNOR STREET 12TH FLOOR,RICHMOND,VA,USA,23219,RICHMOND (CITY),04,2027-07-31,,,,,,,GOV,0,0,government-entity
NU50CK000557,cdc,Terminated,CITY OF HOUSTON,TX,HOUSTON,Health Department,ASST_NON_NU50CK000557_075,CITY OF HOUSTON,GULQZBMP2SR3,,CITY OF HOUSTON,Government|U.S. Regional/State Government,8000 N STADIUM DR,HOUSTON,TX,USA,77054,HARRIS,09,2027-07-31,,,,,,,GOV,0,0,government-entity
NU50CK000558,cdc,Terminated,MINISTRY OF HEALTH IN THE REPU BLIC OF THE MARSHALL ISLANDS,MH,MAJURO,Health Department,ASST_NON_NU50CK000558_075,MINISTRY OF HEALTH IN THE REPU BLIC OF THE MARSHALL ISLANDS,SD96AMWETGC8,,,,DELAP IN CAPITAL CITY OF M,MAJURO,MH,USA,96960,,99,2027-07-31,,,,,,,GOV,0,0,government-entity
NU50CK000562,cdc,Terminated,COLORADO DEPARTMENT OF PUBLIC HEALTH & ENVIRONMENT,CO,DENVER,Health Department,ASST_NON_NU50CK000562_075,COLORADO DEPARTMENT OF PUBLIC HEALTH & ENVIRONMENT,Y3WEW9MQ6NH5,,,Government|U.S. Regional/State Government,4300 CHERRY CREEK DR S,DENVER,CO,USA,80246,ARAPAHOE,01,2025-03-24,,,,,,,GOV,0,0,government-entity
NU50CK000567,cdc,Terminated,"NATIONAL CENTER FOR FARMWORKER HEALTH, INC.",TX,BUDA,Other Social Services Organization,ASST_NON_NU50CK000567_075,"NATIONAL CENTER FOR FARMWORKER HEALTH, INC.",M2T8CJMD66B8,,,Nonprofit Organization,1770 FM 967,BUDA,TX,USA,78610,HAYS,21,2025-09-29,741826899,NATIONAL CENTER FOR FARMWORKER HEALTH INC,BUDA,78610,E32B,17148673,YES,1.0,1.5,exact-name+geo
NU50CK000569,cdc,Terminated,CENTRO DE LOS DERECHOS DEL MIGRANTE INC,MD,BALTIMORE,Other Social Services Organization,ASST_NON_NU50CK000569_075,CENTRO DE LOS DERECHOS DEL MIGRANTE INC,YND5Q9JB2KX9,,,Nonprofit Organization,711 W 40TH ST,BALTIMORE,MD,USA,21211,BALTIMORE (CITY),02,2025-09-29,202588279,CENTRO DE LOS DERECHOS DEL MIGRANTE INC,BALTIMORE,21211,,2730271,YES,1.0,1.5,exact-name+geo
NU50CK000574,cdc,Terminated,INFECTIOUS DISEASES SOCIETY OF AMERICA,VA,ARLINGTON,Other Health Organization,ASST_NON_NU50CK000574_075,INFECTIOUS DISEASES SOCIETY OF AMERICA,NSHLE77RR7K3,P6U6KZQJFAH3,INFECTIOUS DISEASES SOCIETY OF AMERICA,Nonprofit Organization,4040 WILSON BLVD,ARLINGTON,VA,USA,22203,ARLINGTON,08,2026-09-29,237045686,INFECTIOUS DISEASES SOCIETY OF AMERICA INC,ARLINGTON,22203,,32259941,YES,1.0,1.5,exact-name+geo
NU50CK000578,cdc,Terminated,ALIANZA AMERICAS,IL,CHICAGO,Other Educational Organization,ASST_NON_NU50CK000578_075,ALIANZA AMERICAS,SUC2KGKKSQE5,SUC2KGKKSQE5,ALIANZA AMERICAS,Nonprofit Organization,3030 W CERMAK RD APT 2,CHICAGO,IL,USA,60623,COOK,04,2025-09-29,342066826,ALIANZA AMERICAS,CHICAGO,60604,Q12,3425442,YES,1.0,0.5,exact-name+geo
NU50CK000586,cdc,Terminated,ASSOCIATION OF AMERICAN MEDICAL COLLEGES,DC,WASHINGTON,Other Educational Organization,ASST_NON_NU50CK000586_075,ASSOCIATION OF AMERICAN MEDICAL COLLEGES,L8CFJBXMJ6Q3,C2WXUGQMZJ23,AMERICAN ASSOCIATION OF COLLEGES AND UNIVERSITIES,Nonprofit Organization,655 K ST NW,WASHINGTON,DC,USA,20001,DISTRICT OF COLUMBIA,98,2025-03-29,362169124,ASSOCIATION OF AMERICAN MEDICAL COLLEGES,WASHINGTON,20001,B030,353956949,YES,1.0,1.5,exact-name+geo
NU50CK000587,cdc,Terminated,NATIONAL ASSOCIATION OF COUNTY AND CITY HEALTH OFFICIALS,DC,WASHINGTON,Other Health Organization,ASST_NON_NU50CK000587_075,NATIONAL ASSOCIATION OF COUNTY AND CITY HEALTH OFFICIALS,SRH7DCCTU3G7,,,Nonprofit Organization,1201 I ST NW FL 4,WASHINGTON,DC,USA,20005,DISTRICT OF COLUMBIA,98,2026-09-29,,,,,,,GOV,0,0,government-entity
NU50CK000616,cdc,Terminated,PRISMA HEALTH-MIDLANDS,SC,COLUMBIA,Hospital,ASST_NON_NU50CK000616_075,PRISMA HEALTH-MIDLANDS,KQ3QX9AHQY76,,,Nonprofit Organization,1301 TAYLOR ST,COLUMBIA,SC,USA,29201,RICHLAND,06,2026-07-31,582296052,PRISMA HEALTH-MIDLANDS,GREENVILLE,29601,E210,1774721996,YES,1.0,0.0,exact-name
NU50CK000617,cdc,Terminated,EMORY UNIVERSITY,GA,ATLANTA,"Junior College, College & University",ASST_NON_NU50CK000617_075,EMORY UNIVERSITY,S352L5PJLMP8,,EMORY UNIVERSITY,Higher Education|Higher Education (Private),201 DOWMAN DR NE,ATLANTA,GA,USA,30322,DEKALB,05,2026-07-31,580566256,EMORY UNIVERSITY,ATLANTA,30322,B430,,YES,1.0,1.5,exact-name+geo
NU50CK000618,cdc,Terminated,UNIVERSITY OF SOUTH FLORIDA,FL,TAMPA,"Junior College, College & University",ASST_NON_NU50CK000618_075,UNIVERSITY OF SOUTH FLORIDA,NKAZLXLL7Z91,,UNIVERSITY OF SOUTH FLORIDA,Higher Education|Higher Education (Public),4202 E FOWLER AVE,TAMPA,FL,USA,33620,HILLSBOROUGH,15,2026-07-31,831012625,UNIVERSITY OF SOUTH FLORIDA INSTITUTE OF APPLIED ENGINEERING I,TAMPA,33620,T30,12952649,MAYBE,0.886,1.5,name-contained
NU50CK000619,cdc,Terminated,BOARD OF REGENTS OF THE UNIVERSITY OF NEBRASKA,NE,OMAHA,"Junior College, College & University",ASST_NON_NU50CK000619_075,BOARD OF REGENTS OF THE UNIVERSITY OF NEBRASKA,G15AG3BLLMH4,,BOARD OF REGENTS OF THE UNIVERSITY OF NEBRASKA,Higher Education|Higher Education (Public),4215 EMILE ST,OMAHA,NE,USA,68105,DOUGLAS,02,2026-07-31,470049123,BOARD OF REGENTS OF THE UNIVERSITY OF NEBRASKA,LINCOLN,68503,,,YES,1.0,0.0,exact-name
NU50CK000621,cdc,Terminated,YALE NEW HAVEN HEALTH SERVICES CORPORATION,CT,NEW HAVEN,Other Health Organization,ASST_NON_NU50CK000621_075,YALE NEW HAVEN HEALTH SERVICES CORPORATION,SE36S7J6DZL1,SE36S7J6DZL1,YALE NEW HAVEN HEALTH SERVICES CORPORATION,Higher Education|Higher Education (Private),789 HOWARD AVE,NEW HAVEN,CT,USA,06519,SOUTH CENTRAL CONNECTICUT,03,2026-07-31,222529464,YALE NEW HAVEN HEALTH SERVICES CORPORATION,NEW HAVEN,06519,E120,1102659536,YES,1.0,1.5,exact-name+geo
NU50CK000622,cdc,Terminated,THE GENERAL HOSPITAL CORPORATION,MA,BOSTON,Hospital,ASST_NON_NU50CK000622_075,THE GENERAL HOSPITAL CORPORATION,FLJ7DQKLL226,PGUMBTK4AM35,"PARTNERS HEALTHCARE SYSTEM, INC",Nonprofit Organization,55 FRUIT ST,BOSTON,MA,USA,02114,SUFFOLK,08,2026-07-31,,GENERAL HOSPITAL LONG TERM DISABILITY TRUST,SOMERVILLE,,,,NO,0.874,0.0,name-contained (closest rejected)
NU50CK000623,cdc,Terminated,THE UNIVERSITY OF IOWA,IA,IOWA CITY,"Junior College, College & University",ASST_NON_NU50CK000623_075,THE UNIVERSITY OF IOWA,Z1H9VJS8NG16,,,Higher Education|Higher Education (Public),105 JESSUP HALL,IOWA CITY,IA,USA,52242,JOHNSON,01,2025-07-31,,UNIVERSITY OF IOWA FRATERNAL ORDER OF POLICE LODGE 6,IOWA CITY,,,,NO,0.865,0.5,name-contained (closest rejected)
NU51IP000937,cdc,Terminated,WORLD HEALTH ORGANIZATION,N/A,Geneve,Other Health Organization,ASST_NON_NU51IP000937_075,WORLD HEALTH ORGANIZATION,FDE2NT8BSX11,,,Nonprofit Organization,AVENUE APPIA 20,GENEVE,,CHE,,,,2026-09-29,,,,,,,FOREIGN,0,0,non-us-recipient:CHE
NU51IP000942,cdc,Terminated,"THE TASK FORCE FOR GLOBAL HEALTH, INC.",GA,DECATUR,Other Special Interest Organization,ASST_NON_NU51IP000942_075,"THE TASK FORCE FOR GLOBAL HEALTH, INC.",L9DLXYHZ3TM8,T2E8NUG3BQA3,"TASK FORCE FOR GLOBAL HEALTH, INC",Nonprofit Organization,330 W PONCE DE LEON AVE,DECATUR,GA,USA,30030,DEKALB,05,2026-09-29,581698648,THE TASK FORCE FOR GLOBAL HEALTH INC,DECATUR,30030,P30A,114019244,YES,1.0,1.5,exact-name+geo
NU51IP000948,cdc,Terminated,NATIONAL HEALTH LABORATORY SERVICE,N/A,JOHANNESBURG,"Research Institution, Foundation and Laboratory",ASST_NON_NU51IP000948_075,NATIONAL HEALTH LABORATORY SERVICE,SK4JBY7G7X54,,,Government|U.S. Regional/State Government,1 MODDERFONTEIN ROAD,JOHANNESBURG,,ZAF,,,,2026-09-29,,,,,,,FOREIGN,0,0,non-us-recipient:ZAF
NU58DP006986,cdc,Terminated,HARRIS COUNTY,TX,HOUSTON,Health Department,ASST_NON_NU58DP006986_075,HARRIS COUNTY,JFMKAENLGN81,JFMKAENLGN81,HARRIS COUNTY,Government|U.S. Local Government,201 CAROLINE ST,HOUSTON,TX,USA,77002,HARRIS,18,2025-09-22,,,,,,,GOV,0,0,government-entity
NU58DP006996,cdc,Terminated,OKLAHOMA STATE DEPARTMENT OF HEALTH,OK,OKLAHOMA CITY,Health Department,ASST_NON_NU58DP006996_075,OKLAHOMA STATE DEPARTMENT OF HEALTH,LFU8Z8MPLTG3,LQJLVUN9FHE3,OKLAHOMA DEPARTMENT OF CORRECTIONS,Government|U.S. Regional/State Government,123 ROBERT S KERR AVE,OKLAHOMA CITY,OK,USA,73102,OKLAHOMA,05,2025-03-24,,,,,,,GOV,0,0,government-entity
NU58DP006998,cdc,Terminated,"PUERTO RICO SCIENCE, TECHNOLOGY, AND RESEARCH TRUST",PR,SAN JUAN,Other Health Organization,ASST_NON_NU58DP006998_075,"PUERTO RICO SCIENCE, TECHNOLOGY, AND RESEARCH TRUST",L8TAZ4K6S4L7,L8TAZ4K6S4L7,"PUERTO RICO SCIENCE, TECHNOLOGY, AND RESEARCH TRUST",,CARR 21 INT PR 18 BO MONACILLO URBANO,SAN JUAN,PR,USA,00936,SAN JUAN,98,2025-03-24,660675963,PUERTO RICO SCIENCE TECHNOLOGY AND RESEARCH TRUST,SAN JUAN,00936,U05,29674488,YES,1.0,1.5,exact-name+geo
NU58DP006999,cdc,Terminated,"NASHVILLE & DAVIDSON COUNTY, METROPOLITAN GOVERNMENT OF",TN,NASHVILLE,Planning & Administrative Organizations,ASST_NON_NU58DP006999_075,"NASHVILLE & DAVIDSON COUNTY, METROPOLITAN GOVERNMENT OF",LGZLHP6ZHM55,LGZLHP6ZHM55,"NASHVILLE & DAVIDSON COUNTY, METROPOLITAN GOVERNMENT OF",Government|U.S. Local Government,1 PUBLIC SQ,NASHVILLE,TN,USA,37201,DAVIDSON,07,2025-09-22,,,,,,,GOV,0,0,government-entity
NU58DP007002,cdc,Terminated,St. Joseph County Auditor,IN,SOUTH BEND,Health Department,ASST_NON_NU58DP007002_075,ST. JOSEPH COUNTY AUDITOR,XBWJLNCJPW37,,,Government|U.S. Local Government,227 W JEFFERSON BLVD,SOUTH BEND,IN,USA,46601,ST. JOSEPH,02,2025-03-24,,,,,,,GOV,0,0,government-entity
NU58DP007008,cdc,Terminated,"ST. LOUIS COUNTY, MISSOURI",MO,SAINT LOUIS,Health Department,ASST_NON_NU58DP007008_075,"ST. LOUIS COUNTY, MISSOURI",PBMMQYFMJGE6,CE8WGGXB5LM7,SAINT LOUIS COUNTY MISSOURI,Government|U.S. Local Government,41 S CENTRAL AVE,SAINT LOUIS,MO,USA,63105,ST. LOUIS,01,2025-03-24,,,,,,,GOV,0,0,government-entity
NU58DP007014,cdc,Terminated,JACKSON COUNTY HEALTH DISTRICT,OH,Jackson,Other Health Organization,ASST_NON_NU58DP007014_075,JACKSON COUNTY HEALTH DISTRICT,HE7ANTELMQL3,,COUNTY OF JACKSON,Government|U.S. Local Government,102 TWIN OAKS DR,JACKSON,OH,USA,45640,JACKSON,02,2025-03-24,,,,,,,GOV,0,0,government-entity
NU58DP007019,cdc,Terminated,RED CLIFF BAND OF LAKE SUPERIOR CHIPPEWA INDIANS OF WISCONSIN,WI,BAYFIELD,Indian Tribal Council,ASST_NON_NU58DP007019_075,RED CLIFF BAND OF LAKE SUPERIOR CHIPPEWA INDIANS OF WISCONSIN,PG5ZMT5QZ9K3,,,Government|Native American Tribal Government,88455 PIKE RD,BAYFIELD,WI,USA,54814,BAYFIELD,07,2025-03-24,,,,,,,GOV,0,0,government-entity
NU58DP007020,cdc,Terminated,CHEYENNE ARAPAHO TRIBE,OK,CONCHO,Indian Tribal Council,ASST_NON_NU58DP007020_075,CHEYENNE ARAPAHO TRIBE,K26TL2SG17E7,CP75QQN67FT8,CHEYENNE AND ARAPAHO TRIBES,Government|Native American Tribal Government,100 REDMOON CI,CONCHO,OK,USA,73022,CANADIAN,03,2025-03-24,,,,,,,GOV,0,0,government-entity
NU58DP007021,cdc,Terminated,PALAU MINISTRY OF HEALTH,PW,KOROR,Health Department,ASST_NON_NU58DP007021_075,PALAU MINISTRY OF HEALTH,XBK8DJ4UV3D3,,,,1 HOSPITAL RD,KOROR,PW,USA,96940,,99,2025-03-24,,,,,,,GOV,0,0,government-entity
NU58DP007024,cdc,Terminated,ARIZONA STATE UNIVERSITY,AZ,Scottsdale,"Junior College, College & University",ASST_NON_NU58DP007024_075,ARIZONA STATE UNIVERSITY,NTLHJXM55KZ6,,ARIZONA STATE UNIVERSITY,Government|U.S. Regional/State Government,1475 N SCOTTSDALE RD STE 200,SCOTTSDALE,AZ,USA,85257,MARICOPA,01,2025-08-30,,,,,,,GOV,0,0,government-entity
NU58DP007025,cdc,Terminated,YELLOWSTONE CITY COUNTY HEALTH DEPARTMENT,MT,Billings,Health Department,ASST_NON_NU58DP007025_075,YELLOWSTONE CITY COUNTY HEALTH DEPARTMENT,GJ14HLKXRNR5,GJ14HLKXRNR5,YELLOWSTONE CITY COUNTY HEALTH DEPARTMENT,Government|U.S. Local Government,123 S 27TH ST,BILLINGS,MT,USA,59101,YELLOWSTONE,02,2025-03-24,,,,,,,GOV,0,0,government-entity
NU58DP007027,cdc,Terminated,PARTNERSHIP HEALTH CENTER INC,MT,MISSOULA,Health Department,ASST_NON_NU58DP007027_075,PARTNERSHIP HEALTH CENTER INC,MK2MGVVEG984,,,Government|U.S. Local Government,323 W ALDER ST,MISSOULA,MT,USA,59802,MISSOULA,01,2025-03-24,,,,,,,GOV,0,0,government-entity
NU58DP007028,cdc,Terminated,COMMONWEALTH HEALTHCARE CORPORATION,MP,SAIPAN,Health Department,ASST_NON_NU58DP007028_075,COMMONWEALTH HEALTHCARE CORPORATION,J9ANMNJ3QJM6,,,Government|U.S. Regional/State Government,1178 HINEMLU' ST,SAIPAN,MP,USA,96950,SAIPAN,98,2025-03-24,,,,,,,GOV,0,0,government-entity
NU58DP007030,cdc,Terminated,OHIO DEPARTMENT OF HEALTH,OH,COLUMBUS,Health Department,ASST_NON_NU58DP007030_075,OHIO DEPARTMENT OF HEALTH,CLN8VY9APLQ5,,,Government|U.S. Regional/State Government,246 N HIGH ST,COLUMBUS,OH,USA,43215,FRANKLIN,15,2025-03-24,,,,,,,GOV,0,0,government-entity
NU58DP007034,cdc,Terminated,INSTITUTE FOR PUBLIC HEALTH INNOVATION,DC,Washington,Other Health Organization,ASST_NON_NU58DP007034_075,INSTITUTE FOR PUBLIC HEALTH INNOVATION,JJD9D6DDDMB6,JJD9D6DDDMB6,INSTITUTE FOR PUBLIC HEALTH INNOVATION,,3034 DOGWOOD ST NW,WASHINGTON,DC,USA,20015,DISTRICT OF COLUMBIA,98,2025-03-24,,,,,,,GOV,0,0,government-entity
NU58DP007043,cdc,Terminated,MOBILE COUNTY BOARD OF HEALTH,AL,MOBILE,Health Department,ASST_NON_NU58DP007043_075,MOBILE COUNTY BOARD OF HEALTH,YYSPW27USHN7,,,Government|U.S. Regional/State Government,251 N BAYOU ST,MOBILE,AL,USA,36603,MOBILE,02,2025-03-24,,,,,,,GOV,0,0,government-entity
NU58DP007044,cdc,Terminated,COUNTY OF BENTON,AR,BENTONVILLE,Law Enforcement Agency ( Including Criminal Rehabilitation ),ASST_NON_NU58DP007044_075,COUNTY OF BENTON,GECAS7NVEAG5,,COUNTY OF BENTON,Government|U.S. Local Government,215 E CENTRAL AVE,BENTONVILLE,AR,USA,72712,BENTON,03,2025-03-24,,,,,,,GOV,0,0,government-entity
NU58DP007050,cdc,Terminated,KANSAS DEPARTMENT OF HEALTH & ENVIRONMENT,KS,TOPEKA,Health Department,ASST_NON_NU58DP007050_075,KANSAS DEPARTMENT OF HEALTH & ENVIRONMENT,CGSTLVM57LM5,,,Government|U.S. Regional/State Government,1000 SW JACKSON ST STE 570,TOPEKA,KS,USA,66612,SHAWNEE,02,2025-03-24,,,,,,,GOV,0,0,government-entity
NU60OE000104,cdc,Terminated,"ASSOCIATION OF PUBLIC HEALTH LABORATORIES, INC. (THE)",MD,BETHESDA,Planning & Administrative Organizations,ASST_NON_NU60OE000104_075,"ASSOCIATION OF PUBLIC HEALTH LABORATORIES, INC. (THE)",FHAWFVPAM5Z4,,,Nonprofit Organization,7700 WISCONSIN AVE STE 1000,BETHESDA,MD,USA,20814,MONTGOMERY,08,2027-06-30,,,,,,,GOV,0,0,government-entity
NU65PS923721,cdc,Terminated,"Health Research, Inc.",NY,MENANDS,Health Department,ASST_NON_NU65PS923721_075,"HEALTH RESEARCH, INC.",JCK2VGG2PR51,,"HEALTH RESEARCH, INC.",,150 BROADWAY STE 280,ALBANY,NY,USA,12204,ALBANY,20,2025-03-24,141402155,HEALTH RESEARCH INCORPORATED ELIZABETH WOOD,MENANDS,12204,H300,1087043800,MAYBE,0.9,1.0,name-contained
NU65PS923724,cdc,Terminated,HEALTH CARE EDUCATION & TRAINING INC,IN,INDIANAPOLIS,Vocational & Training School,ASST_NON_NU65PS923724_075,HEALTH CARE EDUCATION & TRAINING INC,KLGGA3HR29K4,KLGGA3HR29K4,HEALTH CARE EDUCATION & TRAINING INC,,1630 N MERIDIAN ST,INDIANAPOLIS,IN,USA,46202,MARION,07,2025-03-24,351910772,HEALTH CARE EDUCATION AND TRAINING INC,INDIANAPOLIS,46202,E030,1942146,YES,1.0,1.5,exact-name+geo
NU66IP000681,cdc,Terminated,AMERICAN ACADEMY OF FAMILY PHYSICIANS,KS,LEAWOOD,Vocational & Training School,ASST_NON_NU66IP000681_075,AMERICAN ACADEMY OF FAMILY PHYSICIANS,FRWCLNQHQ2B5,,,Nonprofit Organization,11400 TOMAHAWK CREEK PKWY,LEAWOOD,KS,USA,66211,JOHNSON,03,2025-07-31,431485548,AMERICAN ACADEMY OF FAMILY PHYSICIANS,LEAWOOD,66211,,5839556,YES,1.0,1.5,exact-name+geo
U01GH002248,cdc,Terminated,THE INFECTIOUS DISEASES INSTITUTE LIMITED,N/A,KAMPALA,"Research Institution, Foundation and Laboratory",ASST_NON_U01GH002248_075,THE INFECTIOUS DISEASES INSTITUTE LIMITED,THLMFMXSXTC4,,,,IDI-MCKINNELL KNOWLEDGE CENTRE,KAMPALA,,UGA,,,,2025-09-29,,,,,,,FOREIGN,0,0,non-us-recipient:UGA
U01GH002249,cdc,Terminated,INSTITUT PASTEUR DE DAKAR,N/A,DAKAR,"Research Institution, Foundation and Laboratory",ASST_NON_U01GH002249_075,INSTITUT PASTEUR DE DAKAR,XDQFJJ1B3ZK6,,,,"36, AVENUE PASTEUR",DAKAR,,SEN,,,,2025-09-29,,,,,,,FOREIGN,0,0,non-us-recipient:SEN
U01GH002259,cdc,Terminated,"INTERNATIONAL CENTRE FOR DIARRHOEAL DISEASE RESEARCH, BANGLADESH",N/A,Dhaka,"Research Institution, Foundation and Laboratory",ASST_NON_U01GH002259_075,"INTERNATIONAL CENTRE FOR DIARRHOEAL DISEASE RESEARCH, BANGLADESH",MS5NE1JLU463,,,,"68, SHAHEED TAJUDDIN AHMED SARANI",DHAKA,,BGD,,,,2026-09-29,,,,,,,FOREIGN,0,0,non-us-recipient:BGD
U01GH002266,cdc,Terminated,UNIVERSIDAD PERUANA CAYETANO HEREDIA,N/A,LIMA,"Junior College, College & University",ASST_NON_U01GH002266_075,UNIVERSIDAD PERUANA CAYETANO HEREDIA,R2CESKBNTS36,,,,AVENIDA HONORIO DELGADO 430 URB URB INGENIERIA,LIMA,,PER,,,,2026-08-31,,,,,,,FOREIGN,0,0,non-us-recipient:PER
U01GH002272,cdc,Terminated,L SAKVARELIDZE NATIONAL CENTER FOR DISEASE CONTROL AND PUBLIC HEALTH,N/A,TBILISI,Other Health Organization,ASST_NON_U01GH002272_075,L SAKVARELIDZE NATIONAL CENTER FOR DISEASE CONTROL AND PUBLIC HEALTH,QRQBNHSHD1N5,,,,9 M ASATIANI STREET,TBILISI,,GEO,,,,2025-09-29,,,,,,,FOREIGN,0,0,non-us-recipient:GEO
U01GH002291,cdc,Terminated,INSTITUTO NACIONAL DE SALUD,N/A,BOGOTA,Other Health Organization,ASST_NON_U01GH002291_075,INSTITUTO NACIONAL DE SALUD,H5NNL34MWWW4,,,Higher Education|Higher Education (Private),AVENIDA CALLE 26 51 20,BOGOTA,,COL,,,,2026-09-29,,,,,,,FOREIGN,0,0,non-us-recipient:COL
U01IP001136,cdc,Terminated,University of Texas at Austin,TX,AUSTIN,"Junior College, College & University",ASST_NON_U01IP001136_075,UNIVERSITY OF TEXAS AT AUSTIN,V6AFQPN18437,X5NKD2NFF2V3,UNIVERSITY OF TEXAS SYSTEM,Higher Education|Higher Education (Public),110 INNER CAMPUS DR,AUSTIN,TX,USA,78712,TRAVIS,25,2025-08-31,,THE UNIVERSITY OF TEXAS TEXAS A M INVESTMENT MANAGEMENT COMPANY,AUSTIN,,,,NO,0.861,0.5,name+geo (closest rejected)
U01IP001137,cdc,Terminated,NORTHEASTERN UNIVERSITY,MA,BOSTON,"Junior College, College & University",ASST_NON_U01IP001137_075,NORTHEASTERN UNIVERSITY,HLTMVS2JZBS6,,NORTHEASTERN UNIVERSITY,Higher Education|Higher Education (Private),360 HUNTINGTON AVE,BOSTON,MA,USA,02115,SUFFOLK,07,2025-08-31,041679980,NORTHEASTERN UNIVERSITY,BOSTON,02115,B83,3159117922,YES,1.0,1.5,exact-name+geo
U01IP001138,cdc,Terminated,REGENTS OF THE UNIVERSITY OF MICHIGAN,MI,Ann Arbor,"Junior College, College & University",ASST_NON_U01IP001138_075,REGENTS OF THE UNIVERSITY OF MICHIGAN,GNJ7BBP73WE9,,REGENTS OF THE UNIVERSITY OF MICHIGAN,Higher Education|Higher Education (Public),1000 VICTORS WAY,WHITTAKER,MI,USA,48190,WASHTENAW,06,2026-08-31,386006309,REGENTS OF THE UNIVERSITY OF MICHIGAN,ANN ARBOR,48108,E21,,YES,1.0,0.0,exact-name
U01IP001141,cdc,Terminated,UNIVERSITY OF PITTSBURGH - OF THE COMMONWEALTH SYSTEM OF HIGHER EDUCATION,PA,PITTSBURGH,"Junior College, College & University",ASST_NON_U01IP001141_075,UNIVERSITY OF PITTSBURGH - OF THE COMMONWEALTH SYSTEM OF HIGHER EDUCATION,MKAGLD59JRL1,,,Higher Education|Higher Education (Public),4200 FIFTH AVENUE,PITTSBURGH,PA,USA,15260,ALLEGHENY,12,2025-08-31,,,,,,,GOV,0,0,government-entity
U01IP001189,cdc,Terminated,BAYLOR RESEARCH INSTITUTE,TX,DALLAS,"Research Institution, Foundation and Laboratory",ASST_NON_U01IP001189_075,BAYLOR RESEARCH INSTITUTE,J1G9CV11VCN7,,,,3434 LIVE OAK ST,DALLAS,TX,USA,75204,DALLAS,32,2027-09-29,751921898,BAYLOR RESEARCH INSTITUTE,DALLAS,75246,H900,89491341,YES,1.0,0.5,exact-name+geo
NB01PW000067,cdc,At-risk,"Public Health, California Department of",CA,SACRAMENTO,Other Health Organization,ASST_NON_NB01PW000067_075,"PUBLIC HEALTH, CALIFORNIA DEPARTMENT OF",KD2JSY6LNMW7,KD2JSY6LNMW7,"PUBLIC HEALTH, CALIFORNIA DEPARTMENT OF",Government|U.S. Regional/State Government,1615 CAPITOL AVE,SACRAMENTO,CA,USA,95814,SACRAMENTO,07,2026-09-30,,,,,,,GOV,0,0,government-entity
NB01PW000088,cdc,At-risk,MINNESOTA DEPARTMENT OF HEALTH,MN,SAINT PAUL,Health Department,ASST_NON_NB01PW000088_075,MINNESOTA DEPARTMENT OF HEALTH,DHQVY2WCVHC5,,,Government|U.S. Regional/State Government,625 ROBERT ST N,SAINT PAUL,MN,USA,55155,RAMSEY,04,2026-09-30,,,,,,,GOV,0,0,government-entity
NB01PW000090,cdc,At-risk,DEPARTMENT OF PUBLIC HEALTH ILLINOIS,IL,SPRINGFIELD,Health Department,ASST_NON_NB01PW000090_075,DEPARTMENT OF PUBLIC HEALTH ILLINOIS,NN66PR7QMLR8,GQ46SB5L2HK4,STATE OF ILLINOIS,Government|U.S. Regional/State Government,525 W JEFFERSON ST,SPRINGFIELD,IL,USA,62702,SANGAMON,13,2026-09-30,,,,,,,GOV,0,0,government-entity
NB01PW000122,cdc,At-risk,COLORADO DEPARTMENT OF PUBLIC HEALTH & ENVIRONMENT,CO,DENVER,Health Department,ASST_NON_NB01PW000122_075,COLORADO DEPARTMENT OF PUBLIC HEALTH & ENVIRONMENT,Y3WEW9MQ6NH5,,,Government|U.S. Regional/State Government,4300 CHERRY CREEK DR S,DENVER,CO,USA,80246,ARAPAHOE,01,2026-09-30,,,,,,,GOV,0,0,government-entity
NH23IP922639,cdc,At-risk,ASIAN & PACIFIC ISLANDER AMERICAN HEALTH FORUM,CA,SAN FRANCISCO,Other Social Services Organization,ASST_NON_NH23IP922639_075,ASIAN & PACIFIC ISLANDER AMERICAN HEALTH FORUM,FL6AMFLJCML6,,,Nonprofit Organization,461 BUSH ST STE 400,SAN FRANCISCO,CA,USA,94108,SAN FRANCISCO,11,2026-01-31,943030866,ASIAN & PACIFIC ISLANDER AMERICAN HEALTH FORUM,SAN FRANCISCO,94108,G81Z,5395436,YES,1.0,1.5,exact-name+geo
NH25PS005127,cdc,At-risk,"Public Health, California Department of",CA,SACRAMENTO,Other Health Organization,ASST_NON_NH25PS005127_075,"PUBLIC HEALTH, CALIFORNIA DEPARTMENT OF",KD2JSY6LNMW7,KD2JSY6LNMW7,"PUBLIC HEALTH, CALIFORNIA DEPARTMENT OF",Government|U.S. Local Government,1615 CAPITOL AVE,SACRAMENTO,CA,USA,95814,SACRAMENTO,07,2027-02-28,,,,,,,GOV,0,0,government-entity
NH25PS005128,cdc,At-risk,CHICAGO DEPARTMENT OF PUBLIC HEALTH,IL,CHICAGO,Planning & Administrative Organizations,ASST_NON_NH25PS005128_075,CHICAGO DEPARTMENT OF PUBLIC HEALTH,K8F7VYLKGN64,,CITY OF CHICAGO,Government|U.S. Regional/State Government,111 WEST WASHINGTON STREET,CHICAGO,IL,USA,60602,COOK,07,2027-02-28,,,,,,,GOV,0,0,government-entity
NH25PS005130,cdc,At-risk,COUNTY OF LOS ANGELES,CA,COMMERCE,Health Department,ASST_NON_NH25PS005130_075,COUNTY OF LOS ANGELES,DN3NGS58SMT9,,COUNTY OF LOS ANGELES,Government|U.S. Local Government,5555 FERGUSON DR STE 100-50,LOS ANGELES,CA,USA,90022,LOS ANGELES,42,2027-02-28,,,,,,,GOV,0,0,government-entity
NH25PS005138,cdc,At-risk,DEPARTMENT OF PUBLIC HEALTH ILLINOIS,IL,SPRINGFIELD,Health Department,ASST_NON_NH25PS005138_075,DEPARTMENT OF PUBLIC HEALTH ILLINOIS,NN66PR7QMLR8,NS2PHY3GAWV5,"ILLINOIS, STATE OF",Government|U.S. Regional/State Government,525 W JEFFERSON ST,SPRINGFIELD,IL,USA,62702,SANGAMON,13,2027-02-28,,,,,,,GOV,0,0,government-entity
NH25PS005141,cdc,At-risk,CITY & COUNTY OF SAN FRANCISCO,CA,SAN FRANCISCO,Health Department,ASST_NON_NH25PS005141_075,CITY & COUNTY OF SAN FRANCISCO,DCTNHRGU1K75,LNADLQGAWKL6,CITY AND COUNTY OF SAN FRANCISCO,Government|U.S. Local Government,101 GROVE ST,SAN FRANCISCO,CA,USA,94102,SAN FRANCISCO,11,2027-02-28,,,,,,,GOV,0,0,government-entity
NH25PS005172,cdc,At-risk,MINNESOTA DEPARTMENT OF HEALTH,MN,SAINT PAUL,Health Department,ASST_NON_NH25PS005172_075,MINNESOTA DEPARTMENT OF HEALTH,DHQVY2WCVHC5,,,Government|U.S. Regional/State Government,625 ROBERT ST N,SAINT PAUL,MN,USA,55155,RAMSEY,04,2027-02-28,,,,,,,GOV,0,0,government-entity
NU51PS005172,cdc,At-risk,DEPARTMENT OF PUBLIC HEALTH ILLINOIS,IL,SPRINGFIELD,Health Department,ASST_NON_NU51PS005172_075,DEPARTMENT OF PUBLIC HEALTH ILLINOIS,NN66PR7QMLR8,GQ46SB5L2HK4,STATE OF ILLINOIS,Government|U.S. Regional/State Government,525 W JEFFERSON ST,SPRINGFIELD,IL,USA,62702,SANGAMON,13,2027-04-30,,,,,,,GOV,0,0,government-entity
NU58DP007085,cdc,At-risk,AMERICAN ACADEMY OF PEDIATRICS,IL,ITASCA,Other Health Organization,ASST_NON_NU58DP007085_075,AMERICAN ACADEMY OF PEDIATRICS,DWN9T4FUL313,,AMERICAN ACADEMY OF PEDIATRICS,Nonprofit Organization,345 PARK BLVD,ITASCA,IL,USA,60143,DUPAGE,08,2027-05-31,362275597,AMERICAN ACADEMY OF PEDIATRICS INC,ITASCA,60143,G980,138498070,YES,1.0,1.5,exact-name+geo
NU62PS924582,cdc,At-risk,DENVER HEALTH AND HOSPITAL AUTHORITY,CO,DENVER,Hospital,ASST_NON_NU62PS924582_075,DENVER HEALTH AND HOSPITAL AUTHORITY,MMT4LGM4H9Z5,,,Nonprofit Organization,777 BANNOCK ST,DENVER,CO,USA,80204,DENVER,01,2027-03-31,,,,,,,GOV,0,0,government-entity
NU62PS924589,cdc,At-risk,"REGENTS OF THE UNIVERSITY OF CALIFORNIA, SAN FRANCISCO, THE",CA,SAN FRANCISCO,"Junior College, College & University",ASST_NON_NU62PS924589_075,"REGENTS OF THE UNIVERSITY OF CALIFORNIA, SAN FRANCISCO, THE",KMH5K9V7S518,KMH5K9V7S518,"REGENTS OF THE UNIVERSITY OF CALIFORNIA, SAN FRANCISCO, THE",Higher Education|Higher Education (Public),1855 FOLSOM ST STE 425,SAN FRANCISCO,CA,USA,94103,SAN FRANCISCO,11,2027-03-31,946036493,UNIVERSITY OF CALIFORNIA SAN FRANCISCO,SAN FRANCISCO,94143,B43,,YES,1.0,0.5,exact-name+geo-modulo-governance
NU62PS924782,cdc,At-risk,ST. JOHN'S COMMUNITY HEALTH,CA,LOS ANGELES,Other Health Organization,ASST_NON_NU62PS924782_075,ST. JOHN'S COMMUNITY HEALTH,RX86PH8H5361,,,Nonprofit Organization,808 W 58TH ST,LOS ANGELES,CA,USA,90037,LOS ANGELES,37,2026-06-29,954067758,ST JOHNS COMMUNITY HEALTH,LOS ANGELES,90037,T99Z,187492916,YES,0.98,1.5,name+geo
NU62PS924801,cdc,At-risk,COLORADO DEPARTMENT OF PUBLIC HEALTH & ENVIRONMENT,CO,DENVER,Health Department,ASST_NON_NU62PS924801_075,COLORADO DEPARTMENT OF PUBLIC HEALTH & ENVIRONMENT,Y3WEW9MQ6NH5,UVYMYSLJJUP4,THE STATE HISTORICAL SOCIETY OF COLORADO,Government|U.S. Regional/State Government,4300 CHERRY CREEK DR S,DENVER,CO,USA,80246,ARAPAHOE,01,2029-05-31,,,,,,,GOV,0,0,government-entity
NU62PS924806,cdc,At-risk,CITY & COUNTY OF SAN FRANCISCO,CA,SAN FRANCISCO,Health Department,ASST_NON_NU62PS924806_075,CITY & COUNTY OF SAN FRANCISCO,DCTNHRGU1K75,LNADLQGAWKL6,CITY AND COUNTY OF SAN FRANCISCO,Government|U.S. Local Government,101 GROVE ST,SAN FRANCISCO,CA,USA,94102,SAN FRANCISCO,11,2029-05-31,,,,,,,GOV,0,0,government-entity
NU62PS924821,cdc,At-risk,CHICAGO DEPARTMENT OF PUBLIC HEALTH,IL,CHICAGO,Planning & Administrative Organizations,ASST_NON_NU62PS924821_075,CHICAGO DEPARTMENT OF PUBLIC HEALTH,K8F7VYLKGN64,,CITY OF CHICAGO,Government|U.S. Local Government,111 WEST WASHINGTON STREET,CHICAGO,IL,USA,60602,COOK,07,2029-05-31,,,,,,,GOV,0,0,government-entity
NU62PS924837,cdc,At-risk,MINNESOTA DEPARTMENT OF HEALTH,MN,SAINT PAUL,Health Department,ASST_NON_NU62PS924837_075,MINNESOTA DEPARTMENT OF HEALTH,DHQVY2WCVHC5,,,Government|U.S. Regional/State Government,625 ROBERT ST N,SAINT PAUL,MN,USA,55155,RAMSEY,04,2029-05-31,,,,,,,GOV,0,0,government-entity
NU62PS924843,cdc,At-risk,DEPARTMENT OF PUBLIC HEALTH ILLINOIS,IL,SPRINGFIELD,Health Department,ASST_NON_NU62PS924843_075,DEPARTMENT OF PUBLIC HEALTH ILLINOIS,NN66PR7QMLR8,GQ46SB5L2HK4,STATE OF ILLINOIS,Government|U.S. Regional/State Government,525 W JEFFERSON ST,SPRINGFIELD,IL,USA,62702,SANGAMON,13,2029-05-31,,,,,,,GOV,0,0,government-entity
NU62PS924851,cdc,At-risk,COUNTY OF LOS ANGELES,CA,COMMERCE,Health Department,ASST_NON_NU62PS924851_075,COUNTY OF LOS ANGELES,DN3NGS58SMT9,,COUNTY OF LOS ANGELES,Government|U.S. Local Government,5555 FERGUSON DR STE 100-50,LOS ANGELES,CA,USA,90022,LOS ANGELES,42,2029-05-31,,,,,,,GOV,0,0,government-entity
NU62PS924854,cdc,At-risk,"Public Health, California Department of",CA,SACRAMENTO,Other Health Organization,ASST_NON_NU62PS924854_075,"PUBLIC HEALTH, CALIFORNIA DEPARTMENT OF",KD2JSY6LNMW7,KD2JSY6LNMW7,"PUBLIC HEALTH, CALIFORNIA DEPARTMENT OF",Government|U.S. Regional/State Government,1615 CAPITOL AVE,SACRAMENTO,CA,USA,95814,SACRAMENTO,07,2029-05-31,,,,,,,GOV,0,0,government-entity
NU65PS923730,cdc,At-risk,ALTAMED HEALTH SERVICES CORPORATION,CA,COMMERCE,Other Health Organization,ASST_NON_NU65PS923730_075,ALTAMED HEALTH SERVICES CORPORATION,D3DTJBVZRVB8,N9XJGB4DUKA7,ALTAMED HEALTH SERVICES CORPORATION,Nonprofit Organization,2040 CAMFIELD AVE,LOS ANGELES,CA,USA,90040,LOS ANGELES,42,2027-03-31,952810095,ALTAMED HEALTH SERVICES CORP,COMMERCE,90040,E320,1720050956,YES,1.0,1.0,exact-name+geo
NU65PS923731,cdc,At-risk,APLA HEALTH & WELLNESS,CA,LOS ANGELES,Other Health Organization,ASST_NON_NU65PS923731_075,APLA HEALTH & WELLNESS,YH4XF77KPL48,YH4XF77KPL48,APLA HEALTH & WELLNESS,Nonprofit Organization,611 S KINGSLEY DR,LOS ANGELES,CA,USA,90005,LOS ANGELES,34,2027-03-31,841661910,APLA HEALTH & WELLNESS,LOS ANGELES,90005,E99,116451685,YES,1.0,1.5,exact-name+geo
NU65PS923732,cdc,At-risk,"ASIAN AND PACIFIC ISLANDER WELLNESS CENTER, INC.",CA,SAN FRANCISCO,Other Health Organization,ASST_NON_NU65PS923732_075,"ASIAN AND PACIFIC ISLANDER WELLNESS CENTER, INC.",GED7GB575K89,GED7GB575K89,"ASIAN AND PACIFIC ISLANDER WELLNESS CENTER, INC.",Nonprofit Organization,730 POLK ST,SAN FRANCISCO,CA,USA,94109,SAN FRANCISCO,11,2027-03-31,943096109,ASIAN AND PACIFIC ISLANDER WELLNESS CENTER INC,SAN FRANCISCO,94109,G81Z,22136062,YES,1.0,1.5,exact-name+geo
NU65PS923752,cdc,At-risk,PUERTO RICAN CULTURAL CENTER,IL,CHICAGO,"Supplier Organizations ( Service, Supplies, Material and Equipment )",ASST_NON_NU65PS923752_075,PUERTO RICAN CULTURAL CENTER,Q447DAJ4A4P3,,,Nonprofit Organization,2531 W DIVISION ST,CHICAGO,IL,USA,60622,COOK,03,2027-03-31,237347778,PUERTO RICAN CULTURAL CENTER,CHICAGO,60622,,14719775,YES,1.0,1.5,exact-name+geo
NU65PS923755,cdc,At-risk,"SPECIAL SERVICE FOR GROUPS, INC.",CA,LOS ANGELES,Other Social Services Organization,ASST_NON_NU65PS923755_075,"SPECIAL SERVICE FOR GROUPS, INC.",WQGNEZQYP3Y7,,"SPECIAL SERVICE FOR GROUPS, INC.",Nonprofit Organization,905 E 8TH ST,LOS ANGELES,CA,USA,90021,LOS ANGELES,37,2027-03-31,951716914,SPECIAL SERVICE FOR GROUPS INC,LOS ANGELES,90021,P840,264215489,YES,1.0,1.5,exact-name+geo
NU65PS923760,cdc,At-risk,LOS ANGELES LGBT CENTER,CA,LOS ANGELES,Welfare Department,ASST_NON_NU65PS923760_075,LOS ANGELES LGBT CENTER,P81BR8HLB7C8,P81BR8HLB7C8,LOS ANGELES LGBT CENTER,Nonprofit Organization,1118 N MCCADDEN PL,LOS ANGELES,CA,USA,90038,LOS ANGELES,30,2027-03-31,953567895,LOS ANGELES LGBT CENTER,LOS ANGELES,90038,,189797154,YES,1.0,1.5,exact-name+geo
NU65PS923767,cdc,At-risk,DENVER HEALTH AND HOSPITAL AUTHORITY,CO,DENVER,Hospital,ASST_NON_NU65PS923767_075,DENVER HEALTH AND HOSPITAL AUTHORITY,MMT4LGM4H9Z5,,,Government|U.S. Local Government,777 BANNOCK ST,DENVER,CO,USA,80204,DENVER,01,2029-03-31,,,,,,,GOV,0,0,government-entity
NU65PS923771,cdc,At-risk,CITY & COUNTY OF SAN FRANCISCO,CA,SAN FRANCISCO,Health Department,ASST_NON_NU65PS923771_075,CITY & COUNTY OF SAN FRANCISCO,DCTNHRGU1K75,LNADLQGAWKL6,CITY AND COUNTY OF SAN FRANCISCO,Government|U.S. Local Government,101 GROVE ST,SAN FRANCISCO,CA,USA,94102,SAN FRANCISCO,11,2029-03-31,,,,,,,GOV,0,0,government-entity
NU65PS923773,cdc,At-risk,"REGENTS OF THE UNIVERSITY OF CALIFORNIA, SAN FRANCISCO, THE",CA,SAN FRANCISCO,"Junior College, College & University",ASST_NON_NU65PS923773_075,"REGENTS OF THE UNIVERSITY OF CALIFORNIA, SAN FRANCISCO, THE",KMH5K9V7S518,KMH5K9V7S518,"REGENTS OF THE UNIVERSITY OF CALIFORNIA, SAN FRANCISCO, THE",Higher Education|Higher Education (Public),1855 FOLSOM ST STE 425,SAN FRANCISCO,CA,USA,94103,SAN FRANCISCO,11,2029-03-31,946036493,UNIVERSITY OF CALIFORNIA SAN FRANCISCO,SAN FRANCISCO,94143,B43,,YES,1.0,0.5,exact-name+geo-modulo-governance
R01CE003434,cdc,At-risk,NATIONAL OPINION RESEARCH CENTER,IL,Chicago,"Research Institution, Foundation and Laboratory",ASST_NON_R01CE003434_075,NATIONAL OPINION RESEARCH CENTER,MPYFY5UMSDP4,MPYFY5UMSDP4,NATIONAL OPINION RESEARCH CENTER,Nonprofit Organization,55 E MONROE ST,CHICAGO,IL,USA,60603,COOK,07,2026-09-29,362167808,NATIONAL OPINION RESEARCH CENTER,CHICAGO,60601,V200,397190163,YES,1.0,0.5,exact-name+geo
R01CE003644,cdc,At-risk,"UNIVERSITY OF CALIFORNIA, DAVIS",CA,DAVIS,"Junior College, College & University",ASST_NON_R01CE003644_075,"UNIVERSITY OF CALIFORNIA, DAVIS",TX2DAGQPENZ5,,,,1850 RESEARCH PARK DR STE 300,DAVIS,CA,USA,95618,YOLO,04,2027-09-29,464117124,UNIVERSITY OF CALIFORNIA- DAVIS,DAVIS,95616,D03,0,YES,1.0,0.5,exact-name+geo
R01CE003649,cdc,At-risk,"UNIVERSITY OF CALIFORNIA, DAVIS",CA,DAVIS,"Junior College, College & University",ASST_NON_R01CE003649_075,"UNIVERSITY OF CALIFORNIA, DAVIS",TX2DAGQPENZ5,,,,1850 RESEARCH PARK DR STE 300,DAVIS,CA,USA,95618,YOLO,04,2027-09-29,464117124,UNIVERSITY OF CALIFORNIA- DAVIS,DAVIS,95616,D03,0,YES,1.0,0.5,exact-name+geo
U01IP001278,cdc,At-risk,THE REGENTS OF THE UNIVERSITY OF COLORADO,CO,AURORA,"Junior College, College & University",ASST_NON_U01IP001278_075,THE REGENTS OF THE UNIVERSITY OF COLORADO,MW8JHK6ZYEX8,HM5CZ7K2HHN5,THE REGENTS OF THE UNIVERSITY OF COLORADO,Higher Education|Higher Education (Public),13001 E 17TH PL STE F428,AURORA,CO,USA,80045,ADAMS,06,2030-08-31,846000555,REGENTS OF THE UNIVERSITY OF COLORADO,DENVER,80203,B40,,YES,1.0,0.0,exact-name
U01PS005281,cdc,At-risk,NORTHWESTERN UNIVERSITY,IL,Evanston,"Junior College, College & University",ASST_NON_U01PS005281_075,NORTHWESTERN UNIVERSITY,KG76WYENL5K1,KG76WYENL5K1,NORTHWESTERN UNIVERSITY,Higher Education|Higher Education (Private),633 CLARK ST,EVANSTON,IL,USA,60208,COOK,09,2027-05-31,362167817,NORTHWESTERN UNIVERSITY,EVANSTON,60208,N500,4056663344,YES,1.0,1.5,exact-name+geo
U48DP006806,cdc,At-risk,"REGENTS OF THE UNIVERSITY OF CALIFORNIA, SAN FRANCISCO, THE",CA,SAN FRANCISCO,"Junior College, College & University",ASST_NON_U48DP006806_075,"REGENTS OF THE UNIVERSITY OF CALIFORNIA, SAN FRANCISCO, THE",KMH5K9V7S518,KMH5K9V7S518,"REGENTS OF THE UNIVERSITY OF CALIFORNIA, SAN FRANCISCO, THE",Higher Education|Higher Education (Public),1855 FOLSOM ST STE 425,SAN FRANCISCO,CA,USA,94103,SAN FRANCISCO,11,2029-09-30,946036493,UNIVERSITY OF CALIFORNIA SAN FRANCISCO,SAN FRANCISCO,94143,B43,,YES,1.0,0.5,exact-name+geo-modulo-governance
